INSERT INTO `movies` (`id`, `title`, `slug`, `description`, `movie_length`, `release_date`, `img_url`, `metascore`, `release_info`, `status`, `banner_url`) VALUES
(1, 'The Mummy', 'the-mummy', 'An ancient Egyptian princess is awakened from her crypt beneath the desert, bringing with her malevolence grown over millennia, and terrors that defy human comprehension.', '110', 2017, 'https://images-na.ssl-images-amazon.com/images/M/MV5BODg1NTIxMzEtM2NmMi00MDQ2LWE5YjYtZTgxYmNhZTQxYWIzXkEyXkFqcGdeQXVyNDYzODU1ODM@._V1_UX67_CR0,0,67,98_AL_.jpg', 34, '2017-06-09', 'Released', NULL),
(2, 'Victoria and Abdul', 'victoria-and-abdul', 'Queen Victoria strikes up an unlikely friendship with a young Indian clerk named Abdul Karim.', '111', 2017, 'https://images-na.ssl-images-amazon.com/images/M/MV5BMjA4NzY1NTQ1Nl5BMl5BanBnXkFtZTgwMTM3NTY0MjI@._V1_UX67_CR0,0,67,98_AL_.jpg', 57, '2017-10-06', 'Released', NULL),
(3, 'Goodbye Christopher Robin', 'goodbye-christopher-robin', 'A behind-the-scenes look at the life of author <a href="/name/nm0590316">A.A. Milne</a> and the creation of the Winnie the Pooh stories inspired by his son <a href="/name/nm3950546">C.R. Milne</a>.', '107', 2017, 'https://images-na.ssl-images-amazon.com/images/M/MV5BMjE2MTUzMDQzNF5BMl5BanBnXkFtZTgwMDYxMDQ1MjI@._V1_UX67_CR0,0,67,98_AL_.jpg', 54, '2017-09-29', 'Released', NULL),
(4, 'The Irishman', 'the-irishman', 'A mob hit man recalls his possible involvement with the slaying of Jimmy Hoffa.', '', 2018, 'https://images-na.ssl-images-amazon.com/images/M/MV5BMWI4MDcxZWUtMTE0ZS00NzUxLTg2ZTgtM2FkZGEwMzYzNTUxXkEyXkFqcGdeQXVyNjg4OTg4Njc@._V1_UY98_CR32,0,67,98_AL_.jpg', 0, '0000-00-00', 'Not Released', NULL),
(5, 'Amityville: The Awakening', 'amityville-the-awakening', 'A single mother moves her three children into a haunted house, unaware of its bloody history.', '85', 2017, 'https://images-na.ssl-images-amazon.com/images/M/MV5BMjQwOTI3Nzk5OV5BMl5BanBnXkFtZTgwMzY3NDMyODE@._V1_UX67_CR0,0,67,98_AL_.jpg', 0, '2017-10-12', 'Released', NULL),
(6, 'Deadpool 2', 'deadpool-2', 'Plot is unknown at this time.', '', 2018, 'https://images-na.ssl-images-amazon.com/images/M/MV5BYjZlZmJlOWYtM2E2ZC00YWY1LWFjODUtYTMxYzY5MTE4ZmVlXkEyXkFqcGdeQXVyNzc5NzMzNTk@._V1_UY98_CR15,0,67,98_AL_.jpg', 0, '2018-06-01', 'Not Released', NULL),
(7, 'Breathe', 'breathe', 'The inspiring true love story of Robin and Diana Cavendish, an adventurous couple who refuse to give up in the face of a devastating disease. Their heartwarming celebration of human possibility marks the directorial debut of Andy Serkis.', '117', 2017, 'https://images-na.ssl-images-amazon.com/images/M/MV5BMTg1OTcxNjU1MV5BMl5BanBnXkFtZTgwMzcwMTQ3MzI@._V1_UX67_CR0,0,67,98_AL_.jpg', 51, '2017-10-27', 'Not Released', NULL),
(8, 'xXx: Return of Xander Cage', 'xxx-return-of-xander-cage', 'Xander Cage is left for dead after an incident, though he secretly returns to action for a new, tough assignment with his handler Augustus Gibbons.', '107', 2017, 'https://images-na.ssl-images-amazon.com/images/M/MV5BMzcwMjkxMzQ3NV5BMl5BanBnXkFtZTgwMzgyNDA5MDI@._V1_UX67_CR0,0,67,98_AL_.jpg', 42, '2017-01-20', 'Released', NULL),
(9, 'Marshall', 'marshall', 'About a young Thurgood Marshall, the first African-American Supreme Court Justice, as he battles through one of his career-defining cases.', '118', 2017, 'https://images-na.ssl-images-amazon.com/images/M/MV5BNzg3YTc4N2ItZmZkZS00OWE1LWIyNGMtNzYzZWQzMzVkZWI2XkEyXkFqcGdeQXVyNTQ3MjE4NTU@._V1_UX67_CR0,0,67,98_AL_.jpg', 66, '2017-10-13', 'Released', NULL),
(10, 'The Meyerowitz Stories (New and Selected)', 'the-meyerowitz-stories-new-and-selected', 'An estranged family gathers together in New York for an event celebrating the artistic work of their father.', '112', 2017, 'https://images-na.ssl-images-amazon.com/images/M/MV5BMTY1MTA1MjU4NV5BMl5BanBnXkFtZTgwMTAwMzE2MzI@._V1_UX67_CR0,0,67,98_AL_.jpg', 80, '2017-10-13', 'Released', NULL),
(11, 'Only the Brave', 'only-the-brave', 'Based on the true story of the Granite Mountain Hotshots, a group of elite firefighters risk everything to protect a town from a historic wildfire.', '133', 2017, 'https://images-na.ssl-images-amazon.com/images/M/MV5BMTY5ODc5OTc2M15BMl5BanBnXkFtZTgwNjM0NjIzMzI@._V1_UX67_CR0,0,67,98_AL_.jpg', 73, '2017-10-20', 'Released', NULL),
(12, 'King Arthur: Legend of the Sword', 'king-arthur-legend-of-the-sword', 'Robbed of his birthright, Arthur comes up the hard way in the back alleys of the city. But once he pulls the sword from the stone, he is forced to acknowledge his true legacy - whether he likes it or not.', '126', 2017, 'https://images-na.ssl-images-amazon.com/images/M/MV5BMjM3ODY3Njc5Ml5BMl5BanBnXkFtZTgwMjQ5NjM5MTI@._V1_UX67_CR0,0,67,98_AL_.jpg', 0, '2017-05-12', 'Released', NULL),
(13, 'Replicas', 'replicas', 'A scientist becomes obsessed with bringing back his family members who died in a traffic accident.', '', 2017, 'https://images-na.ssl-images-amazon.com/images/M/MV5BOTc5NTIyMjE3Ml5BMl5BanBnXkFtZTgwNzY0NDc3MzI@._V1_UY98_CR53,0,67,98_AL_.jpg', 0, '0000-00-00', 'Not Released', NULL),
(14, 'A Ghost Story', 'a-ghost-story', 'In this singular exploration of legacy, love, loss, and the enormity of existence, a recently deceased, white-sheeted ghost returns to his suburban home to try to reconnect with his bereft wife.', '92', 2017, 'https://images-na.ssl-images-amazon.com/images/M/MV5BMzcyNTc1ODQzMF5BMl5BanBnXkFtZTgwNTgzMzY4MTI@._V1_UX67_CR0,0,67,98_AL_.jpg', 84, '2017-07-27', 'Released', NULL),
(15, 'The Man with the Iron Heart', 'the-man-with-the-iron-heart', '', '120', 2017, 'https://images-na.ssl-images-amazon.com/images/M/MV5BZWYzYzViYzgtZWRjZS00MzkxLWJhNjQtZWM3OGZhY2E3NGJjXkEyXkFqcGdeQXVyMTk1MDM0OTc@._V1_UY98_CR4,0,67,98_AL_.jpg', 0, '0000-00-00', 'Released', NULL),
(16, 'Brawl in Cell Block 99', 'brawl-in-cell-block-99', 'A former boxer-turned-drug runner lands in a prison battleground after a deal gets deadly.', '132', 2017, 'https://images-na.ssl-images-amazon.com/images/M/MV5BMzQ4MjEyNjg4Nl5BMl5BanBnXkFtZTgwOTY1NDEzMzI@._V1_UX67_CR0,0,67,98_AL_.jpg', 79, '2017-10-06', 'Released', NULL),
(17, 'The Crucifixion', 'the-crucifixion', 'When Nicole comes in contact with Father Anton (Corneliu Ulici) more and more inexplicable events occur. The pair begin to believe that the priest lost the battle with a demon.', '90', 2017, 'https://images-na.ssl-images-amazon.com/images/M/MV5BOTNiYTc2ZDEtODAxMC00NWI3LTlkNTQtNjY4ZTdkN2IxN2FhXkEyXkFqcGdeQXVyNDkzNTM2ODg@._V1_UY98_CR1,0,67,98_AL_.jpg', 0, '2017-10-06', 'Released', NULL),
(18, 'What Happened to Monday', 'what-happened-to-monday', 'In a world where families are limited to one child due to overpopulation, a set of identical septuplets must avoid being put to a long sleep by the government and dangerous infighting while investigating the disappearance of one of their own.', '123', 2017, 'https://images-na.ssl-images-amazon.com/images/M/MV5BMjE4MDQxMDg3MF5BMl5BanBnXkFtZTgwNjQ0MTcwMzI@._V1_UX67_CR0,0,67,98_AL_.jpg', 47, '2017-08-18', 'Released', NULL),
(19, 'Suburbicon', 'suburbicon', 'A home invasion rattles a quiet family town.', '104', 2017, 'https://images-na.ssl-images-amazon.com/images/M/MV5BMTA3MjA1NDkxMTReQTJeQWpwZ15BbWU4MDU2Njg3NDMy._V1_UX67_CR0,0,67,98_AL_.jpg', 46, '2017-10-27', 'Not Released', NULL),
(20, 'Walking Out', 'walking-out', 'An urban teenager journeys to Montana to hunt big game with his estranged father. Father and son struggle to connect, until a brutal encounter in the heart of the wilderness changes everything.', '95', 2017, 'https://images-na.ssl-images-amazon.com/images/M/MV5BMDg3YzgxZjgtNTEzYS00OTg4LTk2MjgtNWMyOTE4MDA4NzJkXkEyXkFqcGdeQXVyNDExMzMxNjE@._V1_UX67_CR0,0,67,98_AL_.jpg', 79, '2017-10-06', 'Released', NULL),
(21, '47 Meters Down', '47-meters-down', 'Two sisters vacationing in Mexico are trapped in a shark cage at the bottom of the ocean. With less than an hour of oxygen left and great white sharks circling nearby, they must fight to survive.', '89', 2017, 'https://images-na.ssl-images-amazon.com/images/M/MV5BOGJlNDJkZmEtMjUwNS00ZWViLWIyZGEtN2Y5ZjZlNDE1NWJkXkEyXkFqcGdeQXVyNDg2MjUxNjM@._V1_UX67_CR0,0,67,98_AL_.jpg', 52, '2017-06-16', 'Released', NULL),
(22, 'Security', 'security', 'A security guard protects an eleven year-old girl who is being targeted by a gang for participating as a trial witness.', '88', 2017, 'https://images-na.ssl-images-amazon.com/images/M/MV5BNzYzNjMwNzktYzYwMS00MTdlLWFlZWEtNzFiZDRjYzRiNjZmXkEyXkFqcGdeQXVyMTg0MzgwODA@._V1_UY98_CR4,0,67,98_AL_.jpg', 0, '0000-00-00', 'Released', NULL),
(23, 'It Comes at Night', 'it-comes-at-night', 'Secure within a desolate home as an unnatural threat terrorizes the world, a man has established a tenuous domestic order with his wife and son. Then a desperate young family arrives seeking refuge.', '91', 2017, 'https://images-na.ssl-images-amazon.com/images/M/MV5BMjQ3MDA0ODA2N15BMl5BanBnXkFtZTgwNzg0NzgwMjI@._V1_UX67_CR0,0,67,98_AL_.jpg', 78, '2017-06-09', 'Released', NULL),
(24, 'American Satan', 'american-satan', 'A young rock band, half of its members from England and half from the U.S., drops out of college and moves to the Sunset Strip to chase their dreams.', '111', 2017, 'https://images-na.ssl-images-amazon.com/images/M/MV5BNjBjYWYxOTMtZTNhYS00OTc5LWJkYzgtNzZlMDNjNWU5NGVlXkEyXkFqcGdeQXVyMjMzMjEyMDA@._V1_UX67_CR0,0,67,98_AL_.jpg', 0, '2017-10-13', 'Released', NULL),
(25, '6 Days', '6-days', '', '94', 2017, 'https://images-na.ssl-images-amazon.com/images/M/MV5BZmI0NjgzOTktMmU1OS00MmU2LWJkMzgtMzlkMWY4ZWRmZTY5XkEyXkFqcGdeQXVyNTEzMzUyNDI@._V1_UY98_CR31,0,67,98_AL_.jpg', 36, '2017-08-18', 'Released', NULL),
(26, 'X-Men: Dark Phoenix', 'x-men-dark-phoenix', 'Jean Grey begins to develop incredible powers that corrupt and turn her into a Dark Phoenix. Now the X-Men will have to decide if the life of a team member is worth more than all the people living in the world.', '', 2018, 'https://images-na.ssl-images-amazon.com/images/M/MV5BMjNhMzk4ZmMtZDVhZS00ZDM1LWEwM2ItYzE1OTQ0YTg5ZjdmXkEyXkFqcGdeQXVyMjk3NTUyOTc@._V1_UY98_CR31,0,67,98_AL_.jpg', 0, '2018-11-02', 'Not Released', NULL),
(27, 'Wonder Wheel', 'wonder-wheel', 'On Coney Island in the 1950s, a lifeguard tells the story of a middle-aged carousel operator and his beleaguered wife.', '101', 2017, 'https://images-na.ssl-images-amazon.com/images/M/MV5BMTA2NjAyMDIzMzleQTJeQWpwZ15BbWU4MDg1NTEwNjMy._V1_UX67_CR0,0,67,98_AL_.jpg', 55, '2017-11-30', 'Not Released', NULL),
(28, 'Wheelman', 'wheelman', 'A getaway driver for a bank robbery realizes he has been double crossed and races to find out who betrayed him.', '', 2017, 'https://images-na.ssl-images-amazon.com/images/M/MV5BMjA3NjA0MzE1N15BMl5BanBnXkFtZTgwNjAzNzQ0MzI@._V1_UX67_CR0,0,67,98_AL_.jpg', 0, '2017-10-20', 'Released', NULL),
(29, 'Despicable Me 3', 'despicable-me-3', 'Gru meets his long-lost charming, cheerful, and more successful twin brother Dru who wants to team up with him for one last criminal heist.', '90', 2017, 'https://images-na.ssl-images-amazon.com/images/M/MV5BNjUyNzQ2MTg3Ml5BMl5BanBnXkFtZTgwNzE4NDM3MTI@._V1_UX67_CR0,0,67,98_AL_.jpg', 49, '2017-06-30', 'Released', NULL),
(30, 'The Florida Project', 'the-florida-project', 'Set over one summer, the film follows precocious 6-year-old Moonee as she courts mischief and adventure with her ragtag playmates and bonds with her rebellious but caring mother, all while living in the shadows of Disney World.', '115', 2017, 'https://images-na.ssl-images-amazon.com/images/M/MV5BMjg4ZmY1MmItMjFjOS00ZTg2LWJjNDYtNDM2YmM2NzhiNmZhXkEyXkFqcGdeQXVyNTAzMTY4MDA@._V1_UX67_CR0,0,67,98_AL_.jpg', 91, '2017-11-10', 'Not Released', NULL),
(31, 'Call Me by Your Name', 'call-me-by-your-name', 'In 1983, the son of an American professor is enamored by the graduate student who comes to study and live with his family in their northern Italian home. Together, they share an unforgettable summer full of music, food, and romance that will forever change them.', '132', 2017, 'https://images-na.ssl-images-amazon.com/images/M/MV5BNDk3NTEwNjc0MV5BMl5BanBnXkFtZTgwNzYxNTMwMzI@._V1_UX67_CR0,0,67,98_AL_.jpg', 94, '2017-11-24', 'Not Released', NULL),
(32, '6 Below: Miracle on the Mountain', '6-below-miracle-on-the-mountain', 'An adrenaline seeking snowboarder gets lost in a massive winter storm in the back country of the High Sierras where he is pushed to the limits of human endurance and forced to battle his own personal demons as he fights for survival...."', '98', 2017, 'https://images-na.ssl-images-amazon.com/images/M/MV5BMTUwMzAxNTU2NV5BMl5BanBnXkFtZTgwOTU5MzUyMzI@._V1_UX67_CR0,0,67,98_AL_.jpg', 40, '2017-10-13', 'Released', NULL),
(33, 'Ready Player One', 'ready-player-one', 'When the creator of a virtual reality world called the OASIS dies, he releases a video in which he challenges all OASIS users to find his Easter Egg, which will give the finder his fortune. Wade Watts finds the first clue and starts a race for the Egg.', '', 2018, 'https://images-na.ssl-images-amazon.com/images/M/MV5BMjM0MzkxMzU2M15BMl5BanBnXkFtZTgwODg2NTg5MjI@._V1_UX67_CR0,0,67,98_AL_.jpg', 0, '2018-03-30', 'Not Released', NULL),
(34, 'The Killing of a Sacred Deer', 'the-killing-of-a-sacred-deer', 'Steven, a charismatic surgeon, is forced to make an unthinkable sacrifice after his life starts to fall apart, when the behavior of a teenage boy he has taken under his wing turns sinister.', '121', 2017, 'https://images-na.ssl-images-amazon.com/images/M/MV5BMjU4NDcwOTA2NF5BMl5BanBnXkFtZTgwMjE2OTg4MzI@._V1_UX67_CR0,0,67,98_AL_.jpg', 80, '2017-11-03', 'Not Released', NULL),
(35, 'M:I 6 - Mission Impossible', 'mi-6---mission-impossible', 'Plot unknown.', '', 2018, 'https://images-na.ssl-images-amazon.com/images/M/MV5BMjA1MGFjOWItMTNmZC00NmVlLTkzYTEtYzVkNDJlZTllZTQxXkEyXkFqcGdeQXVyNjAwMjI5MDk@._V1_UY98_CR15,0,67,98_AL_.jpg', 0, '2018-07-27', 'Not Released', NULL),
(36, 'Wish Upon', 'wish-upon', 'A teenage girl discovers a box that carries magic powers and a deadly price for using them.', '90', 2017, 'https://images-na.ssl-images-amazon.com/images/M/MV5BOGQxN2NlMWItNzMyOC00ODYxLThkNDktMWQ0ZjA2MjQyYjIwXkEyXkFqcGdeQXVyMjM4NTM5NDY@._V1_UX67_CR0,0,67,98_AL_.jpg', 32, '2017-07-14', 'Released', NULL),
(37, 'Star Wars: The Last Jedi', 'star-wars-the-last-jedi', 'Having taken her first steps into a larger world in <a href="/title/tt2488496">Star Wars: The Force Awakens</a> (2015), Rey continues her epic journey with Finn, Poe, and Luke Skywalker in the next chapter of the saga.', '150', 2017, 'https://images-na.ssl-images-amazon.com/images/M/MV5BMjQ1MzcxNjg4N15BMl5BanBnXkFtZTgwNzgwMjY4MzI@._V1_UX67_CR0,0,67,98_AL_.jpg', 0, '2017-12-15', 'Not Released', NULL),
(38, 'It', 'it', 'A group of bullied kids band together when a shapeshifting demon, taking the appearance of a clown, begins hunting children.', '135', 2017, 'https://images-na.ssl-images-amazon.com/images/M/MV5BOTE0NWEyNDYtYWI5MC00MWY0LTg1NDctZjAwMjkyMWJiNzk1XkEyXkFqcGdeQXVyNjk5NDA3OTk@._V1_UX67_CR0,0,67,98_AL_.jpg', 70, '2017-09-08', 'Released', NULL),
(39, 'Professor Marston and the Wonder Women', 'professor-marston-and-the-wonder-women', 'The story of psychologist William Moulton Marston, the polyamorous relationship between his wife and his mistress, the creation of his beloved comic book character Wonder Woman, and the controversy the comic generated.', '108', 2017, 'https://images-na.ssl-images-amazon.com/images/M/MV5BMTcyMTQzMDIwNl5BMl5BanBnXkFtZTgwMTY1NjgzMzI@._V1_UX67_CR0,0,67,98_AL_.jpg', 68, '2017-10-13', 'Released', NULL),
(40, 'Thor: Ragnarok', 'thor-ragnarok', 'Imprisoned, the mighty Thor finds himself in a lethal gladiatorial contest against the Hulk, his former ally. Thor must fight for survival and race against time to prevent the all-powerful Hela from destroying his home and the Asgardian civilization.', '130', 2017, 'https://images-na.ssl-images-amazon.com/images/M/MV5BMjMyNDkzMzI1OF5BMl5BanBnXkFtZTgwODcxODg5MjI@._V1_UX67_CR0,0,67,98_AL_.jpg', 77, '2017-11-03', 'Not Released', NULL),
(41, 'The Snowman', 'the-snowman', 'Detective Harry Hole investigates the disappearance of a woman whose pink scarf is found wrapped around an ominous-looking snowman.', '119', 2017, 'https://images-na.ssl-images-amazon.com/images/M/MV5BNDg1NjYyMTEyOF5BMl5BanBnXkFtZTgwNzY4MDMyMzI@._V1_UX67_CR0,0,67,98_AL_.jpg', 24, '2017-10-20', 'Released', NULL),
(42, 'Baby Driver', 'baby-driver', 'After being coerced into working for a crime boss, a young getaway driver finds himself taking part in a heist doomed to fail.', '112', 2017, 'https://images-na.ssl-images-amazon.com/images/M/MV5BMjM3MjQ1MzkxNl5BMl5BanBnXkFtZTgwODk1ODgyMjI@._V1_UX67_CR0,0,67,98_AL_.jpg', 86, '2017-06-28', 'Released', NULL),
(43, 'Gerald''s Game', 'geralds-game', 'While trying to spice up their marriage in their remote lake house, Jessie must fight to survive when her husband dies unexpectedly, leaving her handcuffed to their bed frame.', '103', 2017, 'https://images-na.ssl-images-amazon.com/images/M/MV5BMzg0NGE0N2MtYTg1My00NTBkLWI5NjEtZTgyMDA0MTU4MmIyXkEyXkFqcGdeQXVyMTU2NTcyMg@@._V1_UX67_CR0,0,67,98_AL_.jpg', 76, '2017-09-29', 'Released', NULL),
(44, 'War for the Planet of the Apes', 'war-for-the-planet-of-the-apes', 'After the apes suffer unimaginable losses, Caesar wrestles with his darker instincts and begins his own mythic quest to avenge his kind.', '140', 2017, 'https://images-na.ssl-images-amazon.com/images/M/MV5BNDNmYTQzMDEtMmY0MS00OTNjLTk4MjItMDZhMzkzOGI3MzA0XkEyXkFqcGdeQXVyNjk5NDA3OTk@._V1_UX67_CR0,0,67,98_AL_.jpg', 82, '2017-07-14', 'Released', NULL),
(45, 'The New Mutants', 'the-new-mutants', 'Five young mutants, just discovering their abilities while held in a secret facility against their will, fight to escape their past sins and save themselves.', '', 2018, 'https://images-na.ssl-images-amazon.com/images/M/MV5BMTk0Njc2ODY0NV5BMl5BanBnXkFtZTgwMTE2Nzk4MzI@._V1_UX67_CR0,0,67,98_AL_.jpg', 0, '2018-04-13', 'Not Released', NULL),
(46, 'Wonder Woman', 'wonder-woman', 'When a pilot crashes and tells of conflict in the outside world, Diana, an Amazonian warrior in training, leaves home to fight a war, discovering her full powers and true destiny.', '141', 2017, 'https://images-na.ssl-images-amazon.com/images/M/MV5BNDFmZjgyMTEtYTk5MC00NmY0LWJhZjktOWY2MzI5YjkzODNlXkEyXkFqcGdeQXVyMDA4NzMyOA@@._V1_UX67_CR0,0,67,98_AL_.jpg', 76, '2017-06-02', 'Released', NULL),
(47, 'Pacific Rim Uprising', 'pacific-rim-uprising', 'Jake Pentecost, son of Stacker Pentecost, reunites with Mako Mori to lead a new generation of Jaeger pilots, including rival Lambert and 15-year-old hacker Amara, against a new Kaiju threat.', '', 2018, 'https://images-na.ssl-images-amazon.com/images/M/MV5BMjQ1NjA2MDE5Ml5BMl5BanBnXkFtZTgwNjMyOTc2MzI@._V1_UX67_CR0,0,67,98_AL_.jpg', 0, '2018-03-23', 'Not Released', NULL),
(48, 'Spider-Man: Homecoming', 'spider-man-homecoming', 'Peter Parker balances his life as an ordinary high school student in Queens with his superhero alter-ego Spider-Man, and finds himself on the trail of a new menace prowling the skies of New York City.', '133', 2017, 'https://images-na.ssl-images-amazon.com/images/M/MV5BNTk4ODQ1MzgzNl5BMl5BanBnXkFtZTgwMTMyMzM4MTI@._V1_UX67_CR0,0,67,98_AL_.jpg', 73, '2017-07-07', 'Released', NULL),
(49, 'The Mountain Between Us', 'the-mountain-between-us', 'Stranded after a tragic plane crash, two strangers must forge a connection to survive the extreme elements of a remote snow-covered mountain. When they realize help is not coming, they embark on a perilous journey across the wilderness.', '112', 2017, 'https://images-na.ssl-images-amazon.com/images/M/MV5BMjAxNjQzMDk5NV5BMl5BanBnXkFtZTgwNjI0NjM2MjI@._V1_UX67_CR0,0,67,98_AL_.jpg', 48, '2017-10-06', 'Released', NULL),
(50, 'American Made', 'american-made', 'The story of Barry Seal, an American pilot who became a drug-runner for the CIA in the 1980s in a clandestine operation that would be exposed as the Iran-Contra Affair.', '115', 2017, 'https://images-na.ssl-images-amazon.com/images/M/MV5BMTUxNzUwMjk1Nl5BMl5BanBnXkFtZTgwNDkwODI1MjI@._V1_UX67_CR0,0,67,98_AL_.jpg', 65, '2017-09-29', 'Released', NULL),
(51, 'Pirates of the Caribbean: Dead Men Tell No Tales', 'pirates-of-the-caribbean-dead-men-tell-no-tales', 'Captain Jack Sparrow searches for the trident of Poseidon while being pursued by an undead sea captain and his crew.', '129', 2017, 'https://images-na.ssl-images-amazon.com/images/M/MV5BMTYyMTcxNzc5M15BMl5BanBnXkFtZTgwOTg2ODE2MTI@._V1_UX67_CR0,0,67,98_AL_.jpg', 39, '2017-05-26', 'Released', NULL),
(52, 'Wind River', 'wind-river', 'A veteran tracker with the Fish and Wildlife Service helps to investigate the murder of a young Native American woman, and uses the case as a means of seeking redemption for an earlier act of irresponsibility which ended in tragedy.', '107', 2017, 'https://images-na.ssl-images-amazon.com/images/M/MV5BMTUyMjU1OTUwM15BMl5BanBnXkFtZTgwMDg1NDQ2MjI@._V1_UX67_CR0,0,67,98_AL_.jpg', 73, '2017-08-18', 'Released', NULL),
(53, 'The Babysitter', 'the-babysitter', 'The events of one evening take an unexpected turn for the worst for a young boy trying to spy on his babysitter.', '85', 2017, 'https://images-na.ssl-images-amazon.com/images/M/MV5BMTY0MDUwNzg5OV5BMl5BanBnXkFtZTgwNTY4NjU3MzI@._V1_UX67_CR0,0,67,98_AL_.jpg', 0, '2017-10-13', 'Released', NULL),
(54, 'Jigsaw', 'jigsaw', 'Bodies are turning up around the city, each having met a uniquely gruesome demise. As the investigation proceeds, evidence points to one suspect: John Kramer, the man known as Jigsaw, who has been dead for ten years.', '91', 2017, 'https://images-na.ssl-images-amazon.com/images/M/MV5BMTU5MDY1Njk3NV5BMl5BanBnXkFtZTgwMzQ4MjQ4MjI@._V1_UX67_CR0,0,67,98_AL_.jpg', 0, '2017-10-27', 'Not Released', NULL),
(55, 'Cult of Chucky', 'cult-of-chucky', 'Chucky returns to terrorize his human victim, Nica. Meanwhile, the killer doll has some scores to settle with his old enemies, with the help of his former wife.', '91', 2017, 'https://images-na.ssl-images-amazon.com/images/M/MV5BYmQ3MGFmNjgtODUzNS00ODg5LTgwZDEtNjZhNWNlMGI0OGNhXkEyXkFqcGdeQXVyNDUyMjMxMzU@._V1_UY98_CR1,0,67,98_AL_.jpg', 0, '2017-10-24', 'Not Released', NULL),
(56, 'American Assassin', 'american-assassin', 'After the death of his girlfriend at the hands of Islamic terrorists, Mitch Rapp is drawn into the world of counter-terrorism, mentored by tough-as-nails former U.S. Navy SEAL Stan Hurley.', '112', 2017, 'https://images-na.ssl-images-amazon.com/images/M/MV5BMjM0MjY4MTk5NV5BMl5BanBnXkFtZTgwNDE2NTQyMzI@._V1_UX67_CR0,0,67,98_AL_.jpg', 45, '2017-09-15', 'Released', NULL),
(57, 'Transformers: The Last Knight', 'transformers-the-last-knight', 'Autobots and Decepticons are at war, with humans on the sidelines. Optimus Prime is gone. The key to saving our future lies buried in the secrets of the past, in the hidden history of Transformers on Earth.', '149', 2017, 'https://images-na.ssl-images-amazon.com/images/M/MV5BMTk3OTI3MDk4N15BMl5BanBnXkFtZTgwNDg2ODIyMjI@._V1_UX67_CR0,0,67,98_AL_.jpg', 28, '2017-06-21', 'Released', NULL),
(58, 'Avengers: Infinity War', 'avengers-infinity-war', 'The plot is unknown at this time.', '', 2018, 'https://images-na.ssl-images-amazon.com/images/M/MV5BOGQ5NTY3NjktYjIzNS00Y2ZjLWIyODQtMjQzYzg1ZTMzOGI5XkEyXkFqcGdeQXVyNDMwMzEyNzA@._V1_UY98_CR15,0,67,98_AL_.jpg', 0, '2018-05-04', 'Not Released', NULL),
(59, 'The Emoji Movie', 'the-emoji-movie', 'Gene, a multi-expressional emoji, sets out on a journey to become a normal emoji.', '86', 2017, 'https://images-na.ssl-images-amazon.com/images/M/MV5BMTkzMzM3OTM2Ml5BMl5BanBnXkFtZTgwMDM0NDU3MjI@._V1_UX67_CR0,0,67,98_AL_.jpg', 12, '2017-07-28', 'Released', NULL),
(60, 'Flatliners', 'flatliners', 'Five medical students, obsessed by what lies beyond the confines of life, embark on a daring experiment: by stopping their hearts for short periods, each triggers a near-death experience - giving them a firsthand account of the afterlife.', '110', 2017, 'https://images-na.ssl-images-amazon.com/images/M/MV5BMTExMTk2ODk0NDNeQTJeQWpwZ15BbWU4MDMxNTExNjIy._V1_UX67_CR0,0,67,98_AL_.jpg', 27, '2017-09-29', 'Released', NULL),
(61, 'My Little Pony: The Movie', 'my-little-pony-the-movie', 'After a dark force conquers Canterlot, the Mane 6 embark on an unforgettable journey beyond Equestria where they meet new friends and exciting challenges on a quest to use the magic of friendship to save their homeland.', '99', 2017, 'https://images-na.ssl-images-amazon.com/images/M/MV5BMmMxNWNhNjItZjhmMC00ZmViLThlYjItZDk5YTQ1MWZkOGM1XkEyXkFqcGdeQXVyNzY2ODYzOTU@._V1_UX67_CR0,0,67,98_AL_.jpg', 39, '2017-10-06', 'Released', NULL),
(62, 'Dunkirk', 'dunkirk', 'Allied soldiers from Belgium, the British Empire and France are surrounded by the German Army, and evacuated during a fierce battle in World War II.', '106', 2017, 'https://images-na.ssl-images-amazon.com/images/M/MV5BN2YyZjQ0NTEtNzU5MS00NGZkLTg0MTEtYzJmMWY3MWRhZjM2XkEyXkFqcGdeQXVyMDA4NzMyOA@@._V1_UX67_CR0,0,67,98_AL_.jpg', 94, '2017-07-21', 'Released', NULL),
(63, 'Beauty and the Beast', 'beauty-and-the-beast', 'An adaptation of the fairy tale about a monstrous-looking prince and a young woman who fall in love.', '129', 2017, 'https://images-na.ssl-images-amazon.com/images/M/MV5BMTUwNjUxMTM4NV5BMl5BanBnXkFtZTgwODExMDQzMTI@._V1_UX67_CR0,0,67,98_AL_.jpg', 65, '2017-03-17', 'Released', NULL),
(64, 'Battle of the Sexes', 'battle-of-the-sexes', 'The true story of the 1973 tennis match between World number one <a href="/name/nm0973361">Billie Jean King</a> and ex-champ and serial hustler <a href="/name/nm0726677">Bobby Riggs</a>.', '121', 2017, 'https://images-na.ssl-images-amazon.com/images/M/MV5BZTljYmU2NTMtODhhNC00NjlhLWJhZTUtNDllODYyYWM4ZjA5XkEyXkFqcGdeQXVyNjM0ODk5NDY@._V1_UX67_CR0,0,67,98_AL_.jpg', 73, '2017-09-29', 'Released', NULL),
(65, 'Baywatch', 'baywatch', 'Devoted lifeguard Mitch Buchannon butts heads with a brash new recruit, as they uncover a criminal plot that threatens the future of the bay.', '116', 2017, 'https://images-na.ssl-images-amazon.com/images/M/MV5BNTA4MjQ0ODQzNF5BMl5BanBnXkFtZTgwNzA5NjYzMjI@._V1_UX67_CR0,0,67,98_AL_.jpg', 37, '2017-05-25', 'Released', NULL),
(66, 'Leatherface', 'leatherface', 'A teenage Leatherface escapes from a mental hospital with three other inmates, kidnapping a young nurse and taking her on a road trip from hell, while being pursued by a lawman out for revenge.', '90', 2017, 'https://images-na.ssl-images-amazon.com/images/M/MV5BMjEyMDE1MzE1NF5BMl5BanBnXkFtZTgwMzcwNTU1MzI@._V1_UX67_CR0,0,67,98_AL_.jpg', 45, '2017-09-14', 'Released', NULL),
(67, 'Atomic Blonde', 'atomic-blonde', 'An undercover MI6 agent is sent to Berlin during the Cold War to investigate the murder of a fellow agent and recover a missing list of double agents.', '115', 2017, 'https://images-na.ssl-images-amazon.com/images/M/MV5BMjM5NDYzMzg5N15BMl5BanBnXkFtZTgwOTM2NDU1MjI@._V1_UX67_CR0,0,67,98_AL_.jpg', 63, '2017-07-28', 'Released', NULL),
(68, 'Jurassic World: Fallen Kingdom', 'jurassic-world-fallen-kingdom', 'Plot unknown.', '', 2018, 'https://images-na.ssl-images-amazon.com/images/M/MV5BMTc3Nzc3OTgxMl5BMl5BanBnXkFtZTgwNzgzNzk2MjI@._V1_UX67_CR0,0,67,98_AL_.jpg', 0, '2018-06-22', 'Not Released', NULL),
(69, 'Overdrive', 'overdrive', 'Two car thief brothers, who journey to the south of France for new opportunities, wind up in the cross hairs of the local crime boss.', '93', 2017, 'https://images-na.ssl-images-amazon.com/images/M/MV5BMDExMTAzYmEtZjMwOC00MjIxLTkyNjMtOTZjOWIwMTI0YTc0XkEyXkFqcGdeQXVyMjU3NTI0Mg@@._V1_UX67_CR0,0,67,98_AL_.jpg', 0, '2017-10-06', 'Released', NULL),
(70, 'The LEGO Ninjago Movie', 'the-lego-ninjago-movie', 'Shunned by everyone for being the son of an evil warlord, a teenager seeks to defeat him with the help of his fellow ninjas.', '101', 2017, 'https://images-na.ssl-images-amazon.com/images/M/MV5BMTYxNjIxNzM5Nl5BMl5BanBnXkFtZTgwMzg5NzY2MjI@._V1_UX67_CR0,0,67,98_AL_.jpg', 55, '2017-09-22', 'Released', NULL),
(71, 'Home Again', 'home-again', 'Life for a single mom in Los Angeles takes an unexpected turn when she allows three young guys to move in with her.', '97', 2017, 'https://images-na.ssl-images-amazon.com/images/M/MV5BNDMxNTQ0NjIwOV5BMl5BanBnXkFtZTgwODE5NjA5MjI@._V1_UX67_CR0,0,67,98_AL_.jpg', 41, '2017-09-08', 'Released', NULL),
(72, 'Jeepers Creepers III', 'jeepers-creepers-iii', 'Sheriff Dan Tashtego and a team of creeper hunters enlist the help of officer Davis Tubbs to help stop the monsters eating spree.', '100', 2017, 'https://images-na.ssl-images-amazon.com/images/M/MV5BMTY2NzQwNjY4M15BMl5BanBnXkFtZTgwOTM2MzkzMzI@._V1_UX67_CR0,0,67,98_AL_.jpg', 0, '2017-09-26', 'Released', NULL),
(73, 'Alien: Covenant', 'alien-covenant', 'The crew of a colony ship, bound for a remote planet, discover an uncharted paradise with a threat beyond their imagination, and must attempt a harrowing escape.', '122', 2017, 'https://images-na.ssl-images-amazon.com/images/M/MV5BNzI5MzM3MzkxNF5BMl5BanBnXkFtZTgwOTkyMjI4MTI@._V1_UX67_CR0,0,67,98_AL_.jpg', 65, '2017-05-19', 'Released', NULL),
(84, 'Suicide Squad', 'suicide-squad', 'A secret government agency recruits some of the most dangerous incarcerated super-villains to form a defensive task force. Their first mission: save the world from the apocalypse.', '123', 2016, 'https://images-na.ssl-images-amazon.com/images/M/MV5BMjM1OTMxNzUyM15BMl5BanBnXkFtZTgwNjYzMTIzOTE@._V1_UX67_CR0,0,67,98_AL_.jpg', 40, '2016-08-05', 'Released', NULL),
(93, 'Arrival', 'arrival', 'When twelve mysterious spacecrafts appear around the world, linguistics professor Louise Banks is tasked with interpreting the language of the apparent alien visitors.', '116', 2016, 'https://images-na.ssl-images-amazon.com/images/M/MV5BMTExMzU0ODcxNDheQTJeQWpwZ15BbWU4MDE1OTI4MzAy._V1_UX67_CR0,0,67,98_AL_.jpg', 81, '2016-11-11', 'Released', NULL),
(95, 'La La Land', 'la-la-land', 'While navigating their careers in Los Angeles, a pianist and an actress fall in love while attempting to reconcile their aspirations for the future.', '128', 2016, 'https://images-na.ssl-images-amazon.com/images/M/MV5BMzUzNDM2NzM2MV5BMl5BanBnXkFtZTgwNTM3NTg4OTE@._V1_UX67_CR0,0,67,98_AL_.jpg', 93, '2016-12-25', 'Released', NULL),
(96, 'Rogue One', 'rogue-one', 'The Rebel Alliance makes a risky move to steal the plans for the Death Star, setting up the epic saga to follow.', '133', 2016, 'https://images-na.ssl-images-amazon.com/images/M/MV5BMjEwMzMxODIzOV5BMl5BanBnXkFtZTgwNzg3OTAzMDI@._V1_UX67_CR0,0,67,98_AL_.jpg', 65, '2016-12-16', 'Released', NULL),
(99, 'Split', 'split', 'Three girls are kidnapped by a man with a diagnosed 23 distinct personalities. They must try to escape before the apparent emergence of a frightful new 24th.', '117', 2016, 'https://images-na.ssl-images-amazon.com/images/M/MV5BZTJiNGM2NjItNDRiYy00ZjY0LTgwNTItZDBmZGRlODQ4YThkL2ltYWdlXkEyXkFqcGdeQXVyMjY5ODI4NDk@._V1_UX67_CR0,0,67,98_AL_.jpg', 62, '2017-01-20', 'Released', NULL),
(145, 'The VVitch: A New-England Folktale', 'the-vvitch-a-new-england-folktale', 'A family in 1630s New England is torn apart by the forces of witchcraft, black magic and possession.', '92', 2015, 'https://images-na.ssl-images-amazon.com/images/M/MV5BMTUyNzkwMzAxOF5BMl5BanBnXkFtZTgwMzc1OTk1NjE@._V1_UX67_CR0,0,67,98_AL_.jpg', 83, '2016-02-19', 'Released', NULL),
(146, 'Okja', 'okja', 'Meet Mija, a young girl who risks everything to prevent a powerful, multi-national company from kidnapping her best friend - a fascinating animal named Okja.', '120', 2017, 'https://images-na.ssl-images-amazon.com/images/M/MV5BMjQxMTcxNDgxN15BMl5BanBnXkFtZTgwOTczNTIzMjI@._V1_UX67_CR0,0,67,98_AL_.jpg', 76, '2017-06-28', 'Released', NULL),
(147, 'Daddy''s Home 2', 'daddys-home-2', 'Brad and Dusty must deal with their intrusive fathers during the holidays.', '', 2017, 'https://images-na.ssl-images-amazon.com/images/M/MV5BMjQxMjI2Mzg3OF5BMl5BanBnXkFtZTgwMjQ5NTU0MzI@._V1_UX67_CR0,0,67,98_AL_.jpg', 0, '2017-11-10', 'Not Released', NULL),
(148, 'Going in Style', 'going-in-style', 'Desperate to pay the bills and come through for their loved ones, three lifelong pals risk it all by embarking on a daring bid to knock off the very bank that absconded with their money.', '96', 2017, 'https://images-na.ssl-images-amazon.com/images/M/MV5BMTc5Mzg3NjI4OF5BMl5BanBnXkFtZTgwNzA3Mzg4MDI@._V1_UX67_CR0,0,67,98_AL_.jpg', 50, '2017-04-07', 'Released', NULL),
(149, 'The Girl on the Train', 'the-girl-on-the-train', 'A divorcee becomes entangled in a missing persons investigation that promises to send shockwaves throughout her life.', '112', 2016, 'https://images-na.ssl-images-amazon.com/images/M/MV5BNzFlMjA0ZmUtZWI0Mi00ZGJkLTlmMmYtZmE1ODZiMjhjMGM0XkEyXkFqcGdeQXVyMTMxODk2OTU@._V1_UX67_CR0,0,67,98_AL_.jpg', 48, '2016-10-07', 'Released', NULL),
(150, 'Wonderstruck', 'wonderstruck', 'The story of a young boy in the Midwest is told simultaneously with a tale about a young girl in New York from fifty years ago as they both seek the same mysterious connection.', '117', 2017, 'https://images-na.ssl-images-amazon.com/images/M/MV5BMjM3NjY0MTYwM15BMl5BanBnXkFtZTgwMDI5NzA2MzI@._V1_UX67_CR0,0,67,98_AL_.jpg', 75, '2017-10-20', 'Released', NULL),
(151, 'Til Death Do Us Part', 'til-death-do-us-part', '', '101', 2017, 'https://images-na.ssl-images-amazon.com/images/M/MV5BMjE3MDQyNzMzNF5BMl5BanBnXkFtZTgwOTg5NDU5MjI@._V1_UX67_CR0,0,67,98_AL_.jpg', 0, '2017-09-29', 'Released', NULL),
(152, 'I, Tonya', 'i-tonya', 'Competitive ice skater <a href="/name/nm0002125">Tonya Harding</a> rises among the ranks at the U.S. Figure Skating Championships, but her future in the sport is thrown into doubt when her ex-husband intervenes.', '119', 2017, 'https://images-na.ssl-images-amazon.com/images/M/MV5BMjE1NjM2MTI4Ml5BMl5BanBnXkFtZTgwODIwMDYxMzI@._V1_UY98_CR64,0,67,98_AL_.jpg', 77, '2017-12-08', 'Not Released', NULL),
(153, 'Zootopia', 'zootopia', 'In a city of anthropomorphic animals, a rookie bunny cop and a cynical con artist fox must work together to uncover a conspiracy.', '108', 2016, 'https://images-na.ssl-images-amazon.com/images/M/MV5BOTMyMjEyNzIzMV5BMl5BanBnXkFtZTgwNzIyNjU0NzE@._V1_UX67_CR0,0,67,98_AL_.jpg', 78, '2016-03-04', 'Released', NULL),
(154, 'The Revenant', 'the-revenant', 'A frontiersman on a fur trading expedition in the 1820s fights for survival after being mauled by a bear and left for dead by members of his own hunting team.', '156', 2015, 'https://images-na.ssl-images-amazon.com/images/M/MV5BY2FmODc2N2QtYmY3MS00YTMwLWI2NGYtZWRmYWVkNjFjZmI0XkEyXkFqcGdeQXVyNTMxMjgxMzA@._V1_UX67_CR0,0,67,98_AL_.jpg', 76, '2016-01-08', 'Released', NULL),
(155, 'Power Rangers', 'power-rangers', 'A group of high-school students, who are infused with unique superpowers, harness their abilities in order to save the world.', '124', 2017, 'https://images-na.ssl-images-amazon.com/images/M/MV5BMTU1MTkxNzc5NF5BMl5BanBnXkFtZTgwOTM2Mzk3MTI@._V1_UX67_CR0,0,67,98_AL_.jpg', 44, '2017-03-24', 'Released', NULL),
(156, '10 Cloverfield Lane', '10-cloverfield-lane', 'After getting in a car accident, a woman is held in a shelter with two men, who claim the outside world is affected by a widespread chemical attack.', '104', 2016, 'https://images-na.ssl-images-amazon.com/images/M/MV5BMjEzMjczOTIxMV5BMl5BanBnXkFtZTgwOTUwMjI3NzE@._V1_UX67_CR0,0,67,98_AL_.jpg', 76, '2016-03-11', 'Released', NULL),
(157, 'Marjorie Prime', 'marjorie-prime', 'A service that provides holographic recreations of deceased loved ones allows a man to come face-to-face with the younger version of his late father-in-law.', '99', 2017, 'https://images-na.ssl-images-amazon.com/images/M/MV5BMzU2NDI1NTEwNF5BMl5BanBnXkFtZTgwMjEwNTIwMzI@._V1_UX67_CR0,0,67,98_AL_.jpg', 83, '2017-10-19', 'Released', NULL),
(158, 'Room', 'room', 'A young boy is raised within the confines of a small shed.', '118', 2015, 'https://images-na.ssl-images-amazon.com/images/M/MV5BMjE4NzgzNzEwMl5BMl5BanBnXkFtZTgwMTMzMDE0NjE@._V1_UX67_CR0,0,67,98_AL_.jpg', 86, '2016-01-22', 'Released', NULL),
(159, 'The Shack', 'the-shack', 'A grieving man receives a mysterious, personal invitation to meet with God at a place called "The Shack."', '132', 2017, 'https://images-na.ssl-images-amazon.com/images/M/MV5BMjI3MDMxNzcxNl5BMl5BanBnXkFtZTgwODc4MzkwOTE@._V1_UX67_CR0,0,67,98_AL_.jpg', 32, '2017-03-03', 'Released', NULL),
(160, 'Legend', 'legend', 'Identical twin gangsters Ronald and Reginald Kray terrorize London during the 1960s.', '132', 2015, 'https://images-na.ssl-images-amazon.com/images/M/MV5BMDQ4MGY0NWUtY2MxOC00YzI5LTg0OTEtZjNmY2Q2ZmM0MTA1XkEyXkFqcGdeQXVyNTQzOTc3MTI@._V1_UX67_CR0,0,67,98_AL_.jpg', 55, '2015-11-20', 'Released', NULL),
(161, 'The Conjuring 2', 'the-conjuring-2', 'Ed and Lorraine Warren travel to North London to help a single mother raising 4 children alone in a house plagued by a supernatural spirit.', '134', 2016, 'https://images-na.ssl-images-amazon.com/images/M/MV5BZjU5OWVlN2EtODNlYy00MjhhLWI0MDUtMTA3MmQ5MGMwYTZmXkEyXkFqcGdeQXVyNjE5MTM4MzY@._V1_UX67_CR0,0,67,98_AL_.jpg', 65, '2016-06-10', 'Released', NULL),
(162, 'The Boss Baby', 'the-boss-baby', 'A suit-wearing, briefcase-carrying baby pairs up with his 7-year old brother to stop the dastardly plot of the CEO of Puppy Co.', '97', 2017, 'https://images-na.ssl-images-amazon.com/images/M/MV5BMTg5MzUxNzgxNV5BMl5BanBnXkFtZTgwMTM2NzQ3MjI@._V1_UY98_CR0,0,67,98_AL_.jpg', 50, '2017-03-31', 'Released', NULL),
(163, 'Berlin Syndrome', 'berlin-syndrome', 'A passionate holiday romance leads to an obsessive relationship, when an Australian photojournalist wakes one morning in a Berlin apartment and is unable to leave.', '116', 2017, 'https://images-na.ssl-images-amazon.com/images/M/MV5BYzQ0YWRjYjctYmQ5ZC00M2M2LWE0NzMtMTI4ZDg1NjIyZTM1XkEyXkFqcGdeQXVyMTM2MzgyOTU@._V1_UX67_CR0,0,67,98_AL_.jpg', 70, '2017-05-26', 'Released', NULL),
(164, 'Silence', 'silence', 'In the 17th century, two Portuguese Jesuit priests travel to Japan in an attempt to locate their mentor, who is rumored to have committed apostasy, and to propagate Catholicism.', '161', 2016, 'https://images-na.ssl-images-amazon.com/images/M/MV5BMjY3OTk0NjA2NV5BMl5BanBnXkFtZTgwNTg3Mjc2MDI@._V1_UX67_CR0,0,67,98_AL_.jpg', 79, '2017-01-13', 'Released', NULL),
(165, 'Allied', 'allied', 'In 1942, a Canadian intelligence officer in North Africa encounters a female French Resistance fighter on a deadly mission behind enemy lines. When they reunite in London, their relationship is tested by the pressures of war.', '124', 2016, 'https://images-na.ssl-images-amazon.com/images/M/MV5BZWEyMzg4ZWUtYmZhMC00Yjk2LWEyYjktODVmN2M3YTA2ZmNjXkEyXkFqcGdeQXVyNjQ2Mjg3OTI@._V1_UX67_CR0,0,67,98_AL_.jpg', 60, '2016-11-23', 'Released', NULL),
(166, 'Good Time', 'good-time', 'After a heist goes awry, a bank robber tries to free his brother from Rikers Island, all in one night.', '101', 2017, 'https://images-na.ssl-images-amazon.com/images/M/MV5BNGQ3Y2VjNmUtMDdiMC00YTE1LWI5NmUtZDIzMTJmODQyNDU4XkEyXkFqcGdeQXVyNTAzMTY4MDA@._V1_UX67_CR0,0,67,98_AL_.jpg', 80, '2017-08-25', 'Released', NULL),
(167, 'Southpaw', 'southpaw', 'A champion boxer fights to get his daughter back from child protective services as well as revive his professional career, after a fatal incident sends him on a rampant path of destruction.', '124', 2015, 'https://images-na.ssl-images-amazon.com/images/M/MV5BMjI1MTcwODk0MV5BMl5BanBnXkFtZTgwMTgwMDM5NTE@._V1_UX67_CR0,0,67,98_AL_.jpg', 57, '2015-07-24', 'Released', NULL),
(168, 'Halloween', 'halloween', 'Laurie Strode comes to her final confrontation with Michael Myers, the masked figure who has haunted her since she narrowly escaped his killing spree on Halloween night four decades ago.', '', 2018, 'https://images-na.ssl-images-amazon.com/images/M/MV5BNzgyNTc2NzEyNl5BMl5BanBnXkFtZTgwNzY0NjU1MzI@._V1_UY98_CR15,0,67,98_AL_.jpg', 0, '2018-10-19', 'Not Released', NULL),
(169, 'Brimstone', 'brimstone', 'From the moment the new reverend climbs the pulpit, Liz knows she and her family are in great danger.', '148', 2016, 'https://images-na.ssl-images-amazon.com/images/M/MV5BNGU0Y2VkMDAtMTA0YS00YzU1LWEwNzMtZDM1MzFiNWZmMDRkXkEyXkFqcGdeQXVyMjU2OTAyMzQ@._V1_UY98_CR3,0,67,98_AL_.jpg', 45, '2017-01-12', 'Released', NULL),
(170, 'Bad Moms', 'bad-moms', 'When three overworked and under-appreciated moms are pushed beyond their limits, they ditch their conventional responsibilities for a jolt of long overdue freedom, fun, and comedic self-indulgence.', '100', 2016, 'https://images-na.ssl-images-amazon.com/images/M/MV5BMjIwNzE5MTgwNl5BMl5BanBnXkFtZTgwNjM4OTA0OTE@._V1_UX67_CR0,0,67,98_AL_.jpg', 60, '2016-07-29', 'Released', NULL),
(171, 'El bar', 'el-bar', 'In bustling downtown Madrid, a loud gunshot and two mysterious deaths trap a motley assortment of common urbanites in a decrepit central bar, while paranoia and suspicion force the terrified regulars to turn on each other.', '102', 2017, 'https://images-na.ssl-images-amazon.com/images/M/MV5BNjY0YTcyYjEtNTlkZC00YTM5LTk3ZTQtMjEwM2U2YjdiMjI1XkEyXkFqcGdeQXVyMTY5OTQzNzY@._V1_UY98_CR1,0,67,98_AL_.jpg', 0, '2017-03-24', 'Released', NULL),
(172, 'Downsizing', 'downsizing', 'A social satire in which a guy realizes he would have a better life if he were to shrink himself.', '135', 2017, 'https://images-na.ssl-images-amazon.com/images/M/MV5BMjEzMjAwMzQxMV5BMl5BanBnXkFtZTgwMDQzMjE1MzI@._V1_UX67_CR0,0,67,98_AL_.jpg', 74, '2017-12-22', 'Not Released', NULL),
(173, 'Furious 7', 'furious-7', 'Deckard Shaw seeks revenge against Dominic Toretto and his family for his comatose brother.', '137', 2015, 'https://images-na.ssl-images-amazon.com/images/M/MV5BMTQxOTA2NDUzOV5BMl5BanBnXkFtZTgwNzY2MTMxMzE@._V1_UX67_CR0,0,67,98_AL_.jpg', 67, '2015-04-03', 'Released', NULL),
(174, 'Venom', 'venom', 'This plot is unknown.', '', 2018, 'http://ia.media-imdb.com/images/G/01/imdb/images/nopicture/67x98/film-2500266839._CB514893543_.png', 0, '2018-10-05', 'Not Released', NULL),
(175, 'Ant-Man and the Wasp', 'ant-man-and-the-wasp', 'As Scott Lang balances being both a Super Hero and a father, Hope van Dyne and Dr. Hank Pym present an urgent new mission that finds the Ant-Man fighting alongside The Wasp to uncover secrets from their past.', '', 2018, 'https://images-na.ssl-images-amazon.com/images/M/MV5BNWM4MWExOTUtNDk1MS00YmRhLWI0NzItZmY3MDE2ZjZkOGIwXkEyXkFqcGdeQXVyNTAyODkwOQ@@._V1_UY98_CR1,0,67,98_AL_.jpg', 0, '2018-07-06', 'Not Released', NULL),
(176, 'Allegiant', 'allegiant', 'After the earth-shattering revelations of Insurgent, Tris must escape with Four beyond the wall that encircles Chicago, to finally discover the shocking truth of the world around them.', '120', 2016, 'https://images-na.ssl-images-amazon.com/images/M/MV5BNjk2OTc5YzQtMjAwMS00YWY4LTk1ZWItOTgyMmRkMGU4ZmY1XkEyXkFqcGdeQXVyMzQ1MzUwMTE@._V1_UY98_CR2,0,67,98_AL_.jpg', 33, '2016-03-18', 'Released', NULL),
(177, 'The Wall', 'the-wall', 'Two American Soldiers are trapped by a lethal sniper, with only an unsteady wall between them.', '88', 2017, 'https://images-na.ssl-images-amazon.com/images/M/MV5BMTc5ODMyNzE4OF5BMl5BanBnXkFtZTgwNTM0Mzc4MTI@._V1_UX67_CR0,0,67,98_AL_.jpg', 57, '2017-05-18', 'Released', NULL),
(178, 'Keeping Up with the Joneses', 'keeping-up-with-the-joneses', 'A suburban couple becomes embroiled in an international espionage plot when they discover that their seemingly perfect new neighbors are government spies.', '105', 2016, 'https://images-na.ssl-images-amazon.com/images/M/MV5BNDU2OTU1NzE2Ml5BMl5BanBnXkFtZTgwMDQzMzgwMDI@._V1_UX67_CR0,0,67,98_AL_.jpg', 34, '2016-10-21', 'Released', NULL),
(179, 'Tragedy Girls', 'tragedy-girls', 'Tragedy Girls, a twist on the slasher genre following two death-obsessed teenage girls who use their online show about real-life tragedies to send their small mid-western town into a frenzy and cement their legacy as modern horror legends.', '98', 2017, 'https://images-na.ssl-images-amazon.com/images/M/MV5BNGYzZGZlYmUtYjRkNy00MmJiLWI5YjktYWQ3NmQ0MWQ3M2I5XkEyXkFqcGdeQXVyNjEwNTM2Mzc@._V1_UX67_CR0,0,67,98_AL_.jpg', 55, '2017-10-20', 'Released', NULL),
(180, '13 Hours', '13-hours', 'During an attack on a U.S. compound in Libya, a security team struggles to make sense out of the chaos.', '144', 2016, 'https://images-na.ssl-images-amazon.com/images/M/MV5BMjU3OTQ5NDc3Ml5BMl5BanBnXkFtZTgwOTEwNTkxNzE@._V1_UX67_CR0,0,67,98_AL_.jpg', 48, '2016-01-15', 'Released', NULL),
(181, 'The Nice Guys', 'the-nice-guys', 'In 1970s Los Angeles, a mismatched pair of private eyes investigate a missing girl and the mysterious death of a porn star.', '116', 2016, 'https://images-na.ssl-images-amazon.com/images/M/MV5BMjcwNDA5MDYyNl5BMl5BanBnXkFtZTgwNjg0NDkzNzE@._V1_UX67_CR0,0,67,98_AL_.jpg', 70, '2016-05-20', 'Released', NULL),
(182, 'Same Kind of Different as Me', 'same-kind-of-different-as-me', 'International art dealer Ron Hall must befriend a dangerous homeless man in order to save his struggling marriage to his wife, a woman whose dreams will lead all three of them on the journey of their lives.', '', 2017, 'https://images-na.ssl-images-amazon.com/images/M/MV5BY2JhZjU1YWQtM2RmYi00ZjY3LWFhYzktNTk0ZGZkNjBkYzI2XkEyXkFqcGdeQXVyNjAwOTYzMjM@._V1_UX67_CR0,0,67,98_AL_.jpg', 0, '2017-10-20', 'Released', NULL),
(183, 'Passengers', 'passengers', 'A spacecraft traveling to a distant colony planet and transporting thousands of people has a malfunction in its sleep chambers. As a result, two passengers are awakened 90 years early.', '116', 2016, 'https://images-na.ssl-images-amazon.com/images/M/MV5BMTk4MjU3MDIzOF5BMl5BanBnXkFtZTgwMjM2MzY2MDI@._V1_UX67_CR0,0,67,98_AL_.jpg', 41, '2016-12-21', 'Released', NULL),
(184, 'Wonder', 'wonder', 'Based on the New York Times bestseller, WONDER tells the incredibly inspiring and heartwarming story of August Pullman, a boy with facial differences who enters fifth grade, attending a mainstream elementary school for the first time.', '113', 2017, 'https://images-na.ssl-images-amazon.com/images/M/MV5BNTA2MTU1NTkxOV5BMl5BanBnXkFtZTgwNjk4MjE0MjI@._V1_UX67_CR0,0,67,98_AL_.jpg', 0, '2017-11-17', 'Not Released', NULL),
(185, 'The Hateful Eight', 'the-hateful-eight', 'In the dead of a Wyoming winter, a bounty hunter and his prisoner find shelter in a cabin currently inhabited by a collection of nefarious characters.', '187', 2015, 'https://images-na.ssl-images-amazon.com/images/M/MV5BMjA1MTc1NTg5NV5BMl5BanBnXkFtZTgwOTM2MDEzNzE@._V1_UX67_CR0,0,67,98_AL_.jpg', 68, '2015-12-30', 'Released', NULL),
(186, 'The Accountant', 'the-accountant', 'As a math savant uncooks the books for a new client, the Treasury Department closes in on his activities, and the body count starts to rise.', '128', 2016, 'https://images-na.ssl-images-amazon.com/images/M/MV5BNjFmN2UwYWEtMmNiNi00YTU5LThiM2YtMmU4YzYzYTA3YWFjXkEyXkFqcGdeQXVyNzQ1ODk3MTQ@._V1_UX67_CR0,0,67,98_AL_.jpg', 51, '2016-10-14', 'Released', NULL),
(187, 'Kong: Skull Island', 'kong-skull-island', 'A team of scientists explore an uncharted island in the Pacific, venturing into the domain of the mighty Kong, and must fight to escape a primal Eden.', '118', 2017, 'https://images-na.ssl-images-amazon.com/images/M/MV5BMTUwMzI5ODEwNF5BMl5BanBnXkFtZTgwNjAzNjI2MDI@._V1_UX67_CR0,0,67,98_AL_.jpg', 62, '2017-03-10', 'Released', NULL),
(188, 'Mad Max: Fury Road', 'mad-max-fury-road', 'A woman rebels against a tyrannical ruler in postapocalyptic Australia in search for her home-land with the help of a group of female prisoners, a psychotic worshipper, and a drifter named Max.', '120', 2015, 'https://images-na.ssl-images-amazon.com/images/M/MV5BMTUyMTE0ODcxNF5BMl5BanBnXkFtZTgwODE4NDQzNTE@._V1_UY98_CR0,0,67,98_AL_.jpg', 90, '2015-05-15', 'Released', NULL),
(189, 'Lion', 'lion', 'A five-year-old Indian boy gets lost on the streets of Calcutta, thousands of kilometers from home. He survives many challenges before being adopted by a couple in Australia. 25 years later, he sets out to find his lost family.', '118', 2016, 'https://images-na.ssl-images-amazon.com/images/M/MV5BMjA3NjkzNjg2MF5BMl5BanBnXkFtZTgwMDkyMzgzMDI@._V1_UX67_CR0,0,67,98_AL_.jpg', 69, '2017-01-06', 'Released', NULL),
(190, 'My Friend Dahmer', 'my-friend-dahmer', 'Before Jeffrey Dahmer became a notorious serial killer, he was a shy, alcoholic teen who never quite fit in. Based on the acclaimed graphic novel by Derf Backderf, this is the true, haunting story of Jeffrey Dahmer in high school.', '107', 2017, 'https://images-na.ssl-images-amazon.com/images/M/MV5BN2UxZDJlYjAtNGQ0OC00MWE4LTkzMjktMDAyNTg2ZTVkZjQ1XkEyXkFqcGdeQXVyMTc2MDc0Nw@@._V1_UX67_CR0,0,67,98_AL_.jpg', 0, '2017-11-03', 'Not Released', NULL),
(191, 'Fifty Shades Darker', 'fifty-shades-darker', 'While Christian wrestles with his inner demons, Anastasia must confront the anger and envy of the women who came before her.', '118', 2017, 'https://images-na.ssl-images-amazon.com/images/M/MV5BMTQ5NTk0Njg2N15BMl5BanBnXkFtZTgwNzk5Nzk3MDI@._V1_UX67_CR0,0,67,98_AL_.jpg', 33, '2017-02-10', 'Released', NULL),
(192, 'Rampage', 'rampage', 'Based on the classic 1980s video game featuring apes and monsters destroying cities.', '', 2018, 'https://images-na.ssl-images-amazon.com/images/M/MV5BOGRmNDQyNjctOGY4NS00YmQzLWFjYzQtZDFiODA4YTY3NDNlXkEyXkFqcGdeQXVyNzMwMDg1OTE@._V1_UY98_CR15,0,67,98_AL_.jpg', 0, '2018-04-20', 'Not Released', NULL),
(193, 'The Little Hours', 'the-little-hours', 'In the Middle Ages, a young servant fleeing from his master takes refuge at a convent full of emotionally unstable nuns. Introduced as a deaf mute man, he must fight to hold his cover as the nuns try to resist temptation.', '90', 2017, 'https://images-na.ssl-images-amazon.com/images/M/MV5BMzAzOTQ2NTg1OF5BMl5BanBnXkFtZTgwNTUyNzUzMjI@._V1_UX67_CR0,0,67,98_AL_.jpg', 69, '2017-06-30', 'Released', NULL),
(194, 'T2 Trainspotting', 't2-trainspotting', 'After 20 years abroad, Mark Renton returns to Scotland and reunites with his old friends Sick Boy, Spud, and Begbie.', '117', 2017, 'https://images-na.ssl-images-amazon.com/images/M/MV5BMjI0MTE1ODkzMl5BMl5BanBnXkFtZTgwMTQ1MTg5MDI@._V1_UX67_CR0,0,67,98_AL_.jpg', 67, '2017-03-31', 'Released', NULL),
(195, 'A Bad Moms Christmas', 'a-bad-moms-christmas', 'A Bad Moms Christmas follows our three under-appreciated and over- burdened women as they rebel against the challenges and expectations of the Super Bowl for moms: Christmas.', '', 2017, 'https://images-na.ssl-images-amazon.com/images/M/MV5BMTUwNTA4MDMxNl5BMl5BanBnXkFtZTgwMjE4NjQ0MzI@._V1_UX67_CR0,0,67,98_AL_.jpg', 0, '2017-11-01', 'Not Released', NULL);
INSERT INTO `movies` (`id`, `title`, `slug`, `description`, `movie_length`, `release_date`, `img_url`, `metascore`, `release_info`, `status`, `banner_url`) VALUES
(196, 'Contratiempo', 'contratiempo', 'While the clock is ticking, with the aid of a witness preparation expert, a successful entrepreneur accused of murder has less than three hours to come up with an impregnable defence.', '106', 2016, 'https://images-na.ssl-images-amazon.com/images/M/MV5BOTEwYTkzMTMtODEzNC00YWM2LTgxNDMtZWNkNTQzNDVjMWQ2L2ltYWdlL2ltYWdlXkEyXkFqcGdeQXVyMDY4NTQ1MA@@._V1_UY98_CR1,0,67,98_AL_.jpg', 0, '2017-01-06', 'Released', NULL),
(197, 'Doctor Strange', 'doctor-strange', 'While on a journey of physical and spiritual healing, a brilliant neurosurgeon is drawn into the world of the mystic arts.', '115', 2016, 'https://images-na.ssl-images-amazon.com/images/M/MV5BNjgwNzAzNjk1Nl5BMl5BanBnXkFtZTgwMzQ2NjI1OTE@._V1_UX67_CR0,0,67,98_AL_.jpg', 72, '2016-11-04', 'Released', NULL),
(198, 'Gotti', 'gotti', 'The story of crime boss John Gotti and his son.', '', 2017, 'https://images-na.ssl-images-amazon.com/images/M/MV5BZTE5YjY2NzMtZjIwYS00OTA2LWJhNTAtZjA3ZGFkMzg1YzA2XkEyXkFqcGdeQXVyMjM4NTM5NDY@._V1_UX67_CR0,0,67,98_AL_.jpg', 0, '2017-12-15', 'Not Released', NULL),
(199, 'Darkest Hour', 'darkest-hour', 'During the early days of World War II, the fate of Western Europe hangs on the newly-appointed British Prime Minister Winston Churchill, who must decide whether to negotiate with Hitler, or fight on against incredible odds.', '125', 2017, 'https://images-na.ssl-images-amazon.com/images/M/MV5BMjIyNDkyMTgzMV5BMl5BanBnXkFtZTgwNTQwNjg2MzI@._V1_UX67_CR0,0,67,98_AL_.jpg', 72, '2017-11-22', 'Not Released', NULL),
(200, 'Colossal', 'colossal', 'Gloria is an out-of-work party girl forced to leave her life in New York City, and move back home. When reports surface that a giant creature is destroying Seoul, she gradually comes to the realization that she is somehow connected to this phenomenon.', '109', 2016, 'https://images-na.ssl-images-amazon.com/images/M/MV5BMTY2NTExOTA2MF5BMl5BanBnXkFtZTgwNTMwMjE2MTI@._V1_UY98_CR0,0,67,98_AL_.jpg', 70, '2017-04-21', 'Released', NULL),
(201, 'Moonlight', 'moonlight', 'A chronicle of the childhood, adolescence and burgeoning adulthood of a young, African-American, gay man growing up in a rough neighborhood of Miami.', '111', 2016, 'https://images-na.ssl-images-amazon.com/images/M/MV5BNzQxNTIyODAxMV5BMl5BanBnXkFtZTgwNzQyMDA3OTE@._V1_UX67_CR0,0,67,98_AL_.jpg', 99, '2016-11-18', 'Released', NULL),
(202, 'Maze Runner: The Death Cure', 'maze-runner-the-death-cure', 'Young hero Thomas embarks on a mission to find a cure for a deadly disease known as the "Flare".', '', 2018, 'https://images-na.ssl-images-amazon.com/images/M/MV5BMTY1YjU2MTctMDgwYS00ZTA4LTk4YjctYTE4MzZkOTQ1ODdmXkEyXkFqcGdeQXVyNzA0OTkwNDk@._V1_UX67_CR0,0,67,98_AL_.jpg', 0, '2018-01-26', 'Not Released', NULL),
(203, 'Resident Evil: The Final Chapter', 'resident-evil-the-final-chapter', 'Alice returns to where the nightmare began: The Hive in Raccoon City, where the Umbrella Corporation is gathering its forces for a final strike against the only remaining survivors of the apocalypse.', '107', 2016, 'https://images-na.ssl-images-amazon.com/images/M/MV5BMTc0Mzc2OTQ0Ml5BMl5BanBnXkFtZTgwOTQ5MjE4MDI@._V1_UX67_CR0,0,67,98_AL_.jpg', 49, '2017-01-27', 'Released', NULL),
(204, 'Boys in the Trees', 'boys-in-the-trees', 'On Halloween 1997, two estranged teen skaters embark on a surreal journey through their memories, dreams and fears.', '112', 2016, 'https://images-na.ssl-images-amazon.com/images/M/MV5BYmI3YzZlNmItZWJmZC00NGFlLWIwYTctYjc1YjVhMzdjOTg0XkEyXkFqcGdeQXVyMjYyNTAzMw@@._V1_UY98_CR1,0,67,98_AL_.jpg', 0, '2016-10-20', 'Released', NULL),
(205, 'Sleeping with Other People', 'sleeping-with-other-people', 'A good-natured womanizer and a serial cheater form a platonic relationship that helps reform them in ways, while a mutual attraction sets in.', '101', 2015, 'https://images-na.ssl-images-amazon.com/images/M/MV5BMTUyMzQwNjEyNV5BMl5BanBnXkFtZTgwMzYwMzgwNjE@._V1_UX67_CR0,0,67,98_AL_.jpg', 64, '2015-08-12', 'Released', NULL),
(206, 'Pitch Perfect 3', 'pitch-perfect-3', 'Following their win at the world championship, the now separated Bellas reunite for one last singing competition at an overseas USO tour, but face a group who uses both instruments and voices.', '', 2017, 'https://images-na.ssl-images-amazon.com/images/M/MV5BNjEyMjk4NTE1NV5BMl5BanBnXkFtZTgwOTgzNzA3MjI@._V1_UX67_CR0,0,67,98_AL_.jpg', 0, '2017-12-22', 'Not Released', NULL),
(207, 'The Martian', 'the-martian', 'An astronaut becomes stranded on Mars after his team assume him dead, and must rely on his ingenuity to find a way to signal to Earth that he is alive.', '144', 2015, 'https://images-na.ssl-images-amazon.com/images/M/MV5BMTc2MTQ3MDA1Nl5BMl5BanBnXkFtZTgwODA3OTI4NjE@._V1_UX67_CR0,0,67,98_AL_.jpg', 80, '2015-10-02', 'Released', NULL),
(208, 'Love', 'love', 'Murphy is an American living in Paris who enters a highly sexually and emotionally charged relationship with the unstable Electra. Unaware of the effect it will have on their relationship, they invite their pretty neighbor into their bed.', '135', 2015, 'https://images-na.ssl-images-amazon.com/images/M/MV5BMTQzNDUwODk5NF5BMl5BanBnXkFtZTgwNzA0MDQ2NTE@._V1_UY98_CR1,0,67,98_AL_.jpg', 51, '2015-10-30', 'Released', NULL),
(209, 'The Big Short', 'the-big-short', 'Four denizens in the world of high-finance predict the credit and housing bubble collapse of the mid-2000s, and decide to take on the big banks for their greed and lack of foresight.', '130', 2015, 'https://images-na.ssl-images-amazon.com/images/M/MV5BNDc4MThhN2EtZjMzNC00ZDJmLThiZTgtNThlY2UxZWMzNjdkXkEyXkFqcGdeQXVyNDk3NzU2MTQ@._V1_UX67_CR0,0,67,98_AL_.jpg', 81, '2015-12-23', 'Released', NULL),
(210, 'The Greatest Showman', 'the-greatest-showman', 'Inspired by the imagination of P.T. Barnum, The Greatest Showman is an original musical that celebrates the birth of show business and tells of a visionary who rose from nothing to create a spectacle that became a worldwide sensation.', '', 2017, 'https://images-na.ssl-images-amazon.com/images/M/MV5BMTA0NTgwNjk3OTReQTJeQWpwZ15BbWU4MDEwNjU3NzMy._V1_UX67_CR0,0,67,98_AL_.jpg', 0, '2017-12-25', 'Not Released', NULL),
(211, 'Kimi no na wa.', 'kimi-no-na-wa', 'Two strangers find themselves linked in a bizarre way. When a connection forms, will distance be the only thing to keep them apart?', '106', 2016, 'https://images-na.ssl-images-amazon.com/images/M/MV5BODRmZDVmNzUtZDA4ZC00NjhkLWI2M2UtN2M0ZDIzNDcxYThjL2ltYWdlXkEyXkFqcGdeQXVyNTk0MzMzODA@._V1_UX67_CR0,0,67,98_AL_.jpg', 79, '2017-04-07', 'Released', NULL),
(212, 'Gold', 'gold', 'Kenny Wells, a prospector desperate for a lucky break, teams up with a similarly eager geologist and sets off on a journey to find gold in the uncharted jungle of Indonesia.', '120', 2016, 'https://images-na.ssl-images-amazon.com/images/M/MV5BNjEwNzMzMDI4Nl5BMl5BanBnXkFtZTgwMTM2ODkwMTI@._V1_UX67_CR0,0,67,98_AL_.jpg', 49, '2017-01-27', 'Released', NULL),
(213, 'Unlocked', 'unlocked', 'A CIA interrogator is lured into a ruse that puts London at risk of a biological attack.', '98', 2017, 'https://images-na.ssl-images-amazon.com/images/M/MV5BZWJiNGQ1YzgtOGVjZS00MGRjLTgwZDMtNWFiNmQ2ZWI1ZWNkXkEyXkFqcGdeQXVyMjM4NTM5NDY@._V1_UX67_CR0,0,67,98_AL_.jpg', 46, '2017-09-01', 'Released', NULL),
(214, 'Megan Leavey', 'megan-leavey', 'Based on the true life story of a young Marine corporal whose unique discipline and bond with her military combat dog saved many lives during their deployment in Iraq.', '116', 2017, 'https://images-na.ssl-images-amazon.com/images/M/MV5BMTUxOTk2NTkxNF5BMl5BanBnXkFtZTgwOTUyOTM3MTI@._V1_UX67_CR0,0,67,98_AL_.jpg', 66, '2017-06-09', 'Released', NULL),
(222, 'Grave', 'grave', 'When a young vegetarian undergoes a carnivorous hazing ritual at vet school, an unbidden taste for meat begins to grow in her.', '99', 2016, 'https://images-na.ssl-images-amazon.com/images/M/MV5BMTU3MDUxMDI0MV5BMl5BanBnXkFtZTgwMzk3OTg3MDI@._V1_UX67_CR0,0,67,98_AL_.jpg', 81, '2017-03-15', 'Released', NULL),
(223, 'Hacksaw Ridge', 'hacksaw-ridge', 'WWII American Army Medic <a href="/name/nm3691984">Desmond T. Doss</a>, who served during the Battle of Okinawa, refuses to kill people, and becomes the first man in American history to receive the Medal of Honor without firing a shot.', '139', 2016, 'https://images-na.ssl-images-amazon.com/images/M/MV5BMjQ1NjM3MTUxNV5BMl5BanBnXkFtZTgwMDc5MTY5OTE@._V1_UX67_CR0,0,67,98_AL_.jpg', 71, '2016-11-04', 'Released', NULL),
(224, 'Suburra', 'suburra', 'A gangster known as "Samurai" wants to turn the waterfront of Rome into a new Las Vegas. All the local mob bosses have agreed to work for this common goal. But peace is not to last long.', '130', 2015, 'https://images-na.ssl-images-amazon.com/images/M/MV5BMTgyNDA1MTkyM15BMl5BanBnXkFtZTgwMDE0MTg5NjE@._V1_UY98_CR1,0,67,98_AL_.jpg', 0, '2015-10-14', 'Released', NULL),
(225, 'Trolls', 'trolls', 'After the Bergens invade Troll Village, Poppy, the happiest Troll ever born, and the curmudgeonly Branch set off on a journey to rescue her friends.', '92', 2016, 'https://images-na.ssl-images-amazon.com/images/M/MV5BMTkxNDc3OTcxMV5BMl5BanBnXkFtZTgwODk2NjAzOTE@._V1_UX67_CR0,0,67,98_AL_.jpg', 56, '2016-11-04', 'Released', NULL),
(226, 'Sicario', 'sicario', 'An idealistic FBI agent is enlisted by a government task force to aid in the escalating war against drugs at the border area between the U.S. and Mexico.', '121', 2015, 'https://images-na.ssl-images-amazon.com/images/M/MV5BMjA5NjM3NTk1M15BMl5BanBnXkFtZTgwMzg1MzU2NjE@._V1_UX67_CR0,0,67,98_AL_.jpg', 82, '2015-10-02', 'Released', NULL),
(227, 'Roman J. Israel, Esq.', 'roman-j-israel-esq', 'Denzel Washington stars as Roman Israel, a driven, idealistic defense attorney who, through a tumultuous series of events, finds himself in a crisis that leads to extreme action.', '129', 2017, 'https://images-na.ssl-images-amazon.com/images/M/MV5BMjMyNjkxMTg2NV5BMl5BanBnXkFtZTgwNjkyNTk0MzI@._V1_UX67_CR0,0,67,98_AL_.jpg', 64, '2017-11-10', 'Not Released', NULL),
(228, 'The Fate of the Furious', 'the-fate-of-the-furious', 'When a mysterious woman seduces Dom into the world of terrorism and a betrayal of those closest to him, the crew face trials that will test them as never before.', '136', 2017, 'https://images-na.ssl-images-amazon.com/images/M/MV5BMjMxODI2NDM5Nl5BMl5BanBnXkFtZTgwNjgzOTk1MTI@._V1_UX67_CR0,0,67,98_AL_.jpg', 56, '2017-04-14', 'Released', NULL),
(229, 'The Predator', 'the-predator', 'A sequel to the 1987 sci-fi film "Predator"', '', 2018, 'https://images-na.ssl-images-amazon.com/images/M/MV5BNzE1MzQwMjAzNF5BMl5BanBnXkFtZTgwMTAzMDQwODE@._V1_UY98_CR15,0,67,98_AL_.jpg', 0, '2018-08-03', 'Not Released', NULL),
(230, 'Valerian and the City of a Thousand Planets', 'valerian-and-the-city-of-a-thousand-planets', 'A dark force threatens Alpha, a vast metropolis and home to species from a thousand planets. Special operatives Valerian and Laureline must race to identify the marauding menace and safeguard not just Alpha, but the future of the universe.', '137', 2017, 'https://images-na.ssl-images-amazon.com/images/M/MV5BMTkxMDAxNDUyNV5BMl5BanBnXkFtZTgwOTc3MzcxMjI@._V1_UX67_CR0,0,67,98_AL_.jpg', 51, '2017-07-21', 'Released', NULL),
(231, 'The Magnificent Seven', 'the-magnificent-seven', 'Seven gunmen in the old west gradually come together to help a poor village against savage thieves.', '132', 2016, 'https://images-na.ssl-images-amazon.com/images/M/MV5BMTUzNTc0NTAyM15BMl5BanBnXkFtZTgwMTk1ODA5OTE@._V1_UX67_CR0,0,67,98_AL_.jpg', 54, '2016-09-23', 'Released', NULL),
(232, 'Cold Moon', 'cold-moon', 'From Michael McDowell, the writer of Beetlejuice (1988) and The Nightmare Before Christmas (1993), comes a chilling tale of supernatural vengeance.', '92', 2016, 'https://images-na.ssl-images-amazon.com/images/M/MV5BNzAxYzFjNWUtNWE4MC00ODAwLWJiYzgtZTY0NjlkN2ZkMDk3XkEyXkFqcGdeQXVyMDYyMTUxMQ@@._V1_UX67_CR0,0,67,98_AL_.jpg', 0, '2017-10-06', 'Released', NULL),
(233, 'The Circle', 'the-circle', 'A woman lands a dream job at a powerful tech company called the Circle, only to uncover an agenda that will affect the lives of all of humanity.', '110', 2017, 'https://images-na.ssl-images-amazon.com/images/M/MV5BMjY2OTM2Njc3Ml5BMl5BanBnXkFtZTgwNDgzODU3MTI@._V1_UX67_CR0,0,67,98_AL_.jpg', 43, '2017-04-28', 'Released', NULL),
(234, 'Life', 'life', 'A team of scientists aboard the International Space Station discover a rapidly evolving life form that caused extinction on Mars and now threatens all life on Earth.', '104', 2017, 'https://images-na.ssl-images-amazon.com/images/M/MV5BMzAwMmQxNTctYjVmYi00MDdlLWEzMWUtOTE5NTRiNDhhNjI2L2ltYWdlXkEyXkFqcGdeQXVyMTkxNjUyNQ@@._V1_UX67_CR0,0,67,98_AL_.jpg', 54, '2017-03-24', 'Released', NULL),
(235, 'Aquaman', 'aquaman', 'Arthur Curry learns that he is the heir to the underwater kingdom of Atlantis, and must step forward to lead his people and to be a hero to the world.', '', 2018, 'https://images-na.ssl-images-amazon.com/images/M/MV5BODdmOGM0OGYtYjFmNi00ODdkLWI5YmMtNzMwYzJlYWE5MDlmXkEyXkFqcGdeQXVyNjcwNDM3Nzc@._V1_UY98_CR37,0,67,98_AL_.jpg', 0, '2018-12-21', 'Not Released', NULL),
(236, 'Stronger', 'stronger', 'Stronger is the inspiring real life story of Jeff Bauman, an ordinary man who captured the hearts of his city and the world to become a symbol of hope after surviving the 2013 Boston Marathon bombing.', '119', 2017, 'https://images-na.ssl-images-amazon.com/images/M/MV5BMjE0NjIwMjQ2MF5BMl5BanBnXkFtZTgwNTAxMzQ5MjI@._V1_UX67_CR0,0,67,98_AL_.jpg', 76, '2017-09-29', 'Released', NULL),
(237, 'Batman v Superman: Dawn of Justice', 'batman-v-superman-dawn-of-justice', 'Fearing that the actions of Superman are left unchecked, Batman takes on the Man of Steel, while the world wrestles with what kind of a hero it really needs.', '151', 2016, 'https://images-na.ssl-images-amazon.com/images/M/MV5BYThjYzcyYzItNTVjNy00NDk0LTgwMWQtYjMwNmNlNWJhMzMyXkEyXkFqcGdeQXVyMTQxNzMzNDI@._V1_UX67_CR0,0,67,98_AL_.jpg', 44, '2016-03-25', 'Released', NULL),
(238, 'Rough Night', 'rough-night', 'Things go terribly wrong for a group of girlfriends who hire a male stripper for a bachelorette party in Miami.', '101', 2017, 'https://images-na.ssl-images-amazon.com/images/M/MV5BODY1NDUzNzY4MV5BMl5BanBnXkFtZTgwNzc3NzcyMjI@._V1_UX67_CR0,0,67,98_AL_.jpg', 51, '2017-06-16', 'Released', NULL),
(239, 'Knock Knock', 'knock-knock', 'A devoted father helps two stranded young women who knock on his door, but his kind gesture turns into a dangerous seduction and a deadly game of cat and mouse.', '99', 2015, 'https://images-na.ssl-images-amazon.com/images/M/MV5BMTY5NTkyMzM1Nl5BMl5BanBnXkFtZTgwODU3Njc2NjE@._V1_UY98_CR1,0,67,98_AL_.jpg', 53, '2015-10-09', 'Released', NULL),
(240, 'Ocean''s Eight', 'oceans-eight', 'Plot unknown.', '', 2018, 'https://images-na.ssl-images-amazon.com/images/M/MV5BMjMyNDA0NjM1Ml5BMl5BanBnXkFtZTgwNDUxNDAzMTI@._V1_UY98_CR40,0,67,98_AL_.jpg', 0, '2018-06-08', 'Not Released', NULL),
(241, 'Deadpool', 'deadpool', 'A fast-talking mercenary with a morbid sense of humor is subjected to a rogue experiment that leaves him with accelerated healing powers and a quest for revenge.', '108', 2016, 'https://images-na.ssl-images-amazon.com/images/M/MV5BMjQyODg5Njc4N15BMl5BanBnXkFtZTgwMzExMjE3NzE@._V1_UY98_CR0,0,67,98_AL_.jpg', 65, '2016-02-12', 'Released', NULL),
(242, 'Assassin''s Creed', 'assassins-creed', 'Callum Lynch explores the memories of his ancestor Aguilar de Nerha and gains the skills of a Master Assassin, before taking on the secret Templar society.', '115', 2016, 'https://images-na.ssl-images-amazon.com/images/M/MV5BNzE1OTczNTc1OF5BMl5BanBnXkFtZTgwMzgyMDI3MDI@._V1_UX67_CR0,0,67,98_AL_.jpg', 36, '2016-12-21', 'Released', NULL),
(243, 'John Wick: Chapter 2', 'john-wick-chapter-2', 'After returning to the criminal underworld to repay a debt, John Wick discovers that a large bounty has been put on his life.', '122', 2017, 'https://images-na.ssl-images-amazon.com/images/M/MV5BMjE2NDkxNTY2M15BMl5BanBnXkFtZTgwMDc2NzE0MTI@._V1_UX67_CR0,0,67,98_AL_.jpg', 75, '2017-02-10', 'Released', NULL),
(244, 'Hidden Figures', 'hidden-figures', 'The story of a team of female African-American mathematicians who served a vital role in NASA during the early years of the U.S. space program.', '127', 2016, 'https://images-na.ssl-images-amazon.com/images/M/MV5BMzg2Mzg4YmUtNDdkNy00NWY1LWE3NmEtZWMwNGNlMzE5YzU3XkEyXkFqcGdeQXVyMjA5MTIzMjQ@._V1_UX67_CR0,0,67,98_AL_.jpg', 74, '2017-01-06', 'Released', NULL),
(245, 'Tomb Raider', 'tomb-raider', 'Lara Croft, the fiercely independent daughter of a missing adventurer, must push herself beyond her limits when she finds herself on the island where her father disappeared.', '', 2018, 'https://images-na.ssl-images-amazon.com/images/M/MV5BMTU1ODI1NDg2NF5BMl5BanBnXkFtZTgwOTM2Nzg1MzI@._V1_UX67_CR0,0,67,98_AL_.jpg', 0, '2018-03-16', 'Not Released', NULL),
(246, 'Jurassic World', 'jurassic-world', 'A new theme park, built on the original site of Jurassic Park, creates a genetically modified hybrid dinosaur, which escapes containment and goes on a killing spree.', '124', 2015, 'https://images-na.ssl-images-amazon.com/images/M/MV5BNWEyNTE0YTEtY2FkMi00MmY3LTg4MWMtODdjYjRkNGM4ZTZhXkEyXkFqcGdeQXVyMzI0NDc4ODY@._V1_UX67_CR0,0,67,98_AL_.jpg', 59, '2015-06-12', 'Released', NULL),
(247, 'Tyler Perry''s Boo 2! A Madea Halloween', 'tyler-perrys-boo-2-a-madea-halloween', 'Madea, Bam, and Hattie venture to a haunted campground and the group must run for their lives when monsters, goblins, and the boogeyman are unleashed.', '101', 2017, 'https://images-na.ssl-images-amazon.com/images/M/MV5BOTgxNzk4ODA3Nl5BMl5BanBnXkFtZTgwOTkyOTg1MzI@._V1_UY98_CR0,0,67,98_AL_.jpg', 0, '2017-10-20', 'Released', NULL),
(248, 'Kidnap', 'kidnap', 'A mother stops at nothing to recover her kidnapped son.', '95', 2017, 'https://images-na.ssl-images-amazon.com/images/M/MV5BMTcyNDgyODEzOV5BMl5BanBnXkFtZTgwMTI4MTA2MjI@._V1_UX67_CR0,0,67,98_AL_.jpg', 44, '2017-08-04', 'Released', NULL),
(249, 'Gifted', 'gifted', 'Frank, a single man raising his child prodigy niece Mary, is drawn into a custody battle with his mother.', '101', 2017, 'https://images-na.ssl-images-amazon.com/images/M/MV5BMjQ2NDU3NDE0M15BMl5BanBnXkFtZTgwMjA3OTg0MDI@._V1_UX67_CR0,0,67,98_AL_.jpg', 60, '2017-04-12', 'Released', NULL),
(250, 'Death Note', 'death-note', 'A high school student named, Light Turner, discovers a mysterious notebook that has the power to kill anyone whose name is written within its pages and launches a secret crusade to rid the world of criminals.', '101', 2017, 'https://images-na.ssl-images-amazon.com/images/M/MV5BMTUwOTgzMTEyOF5BMl5BanBnXkFtZTgwNTk3MTM5MjI@._V1_UX67_CR0,0,67,98_AL_.jpg', 43, '2017-08-25', 'Released', NULL),
(251, 'The Lost City of Z', 'the-lost-city-of-z', 'A true-life drama, centering on British explorer Col. Percival Fawcett, who disappeared while searching for a mysterious city in the Amazon in the 1920s.', '141', 2016, 'https://images-na.ssl-images-amazon.com/images/M/MV5BMjQzNTk3MTkyNF5BMl5BanBnXkFtZTgwMDA2MDQzMTI@._V1_UX67_CR0,0,67,98_AL_.jpg', 78, '2017-04-21', 'Released', NULL),
(252, 'Logan Lucky', 'logan-lucky', 'Two brothers attempt to pull off a heist during a NASCAR race in North Carolina.', '118', 2017, 'https://images-na.ssl-images-amazon.com/images/M/MV5BMTYyODg0NDU1OV5BMl5BanBnXkFtZTgwNjcxMzU0MjI@._V1_UX67_CR0,0,67,98_AL_.jpg', 78, '2017-08-18', 'Released', NULL),
(253, 'The Layover', 'the-layover', 'Two friends on a road trip compete for the affections of a handsome man when their flight is redirected due to a hurricane.', '88', 2017, 'https://images-na.ssl-images-amazon.com/images/M/MV5BOTAyNDgwYzQtZGY1OS00OGM2LWExNTktNDJkMGUzMzdkNmVlXkEyXkFqcGdeQXVyMTM2MzgyOTU@._V1_UX67_CR0,0,67,98_AL_.jpg', 15, '2017-08-03', 'Released', NULL),
(254, 'Shot Caller', 'shot-caller', 'A newly released prison gangster is forced by the leaders of his gang to orchestrate a major crime with a brutal rival gang on the streets of Southern California.', '121', 2017, 'https://images-na.ssl-images-amazon.com/images/M/MV5BMGY0YTM3MjItZmExMy00NDgyLThjNzUtZWQ1MzY2NGRmMjZhXkEyXkFqcGdeQXVyMzYyMzE1NjA@._V1_UX67_CR0,0,67,98_AL_.jpg', 59, '2017-08-18', 'Released', NULL),
(255, 'Star Trek: Beyond', 'star-trek-beyond', 'The U.S.S. Enterprise crew explores the furthest reaches of uncharted space, where they encounter a new ruthless enemy, who puts them, and everything the Federation stands for, to the test.', '122', 2016, 'https://images-na.ssl-images-amazon.com/images/M/MV5BZDRiOGE5ZTctOWIxOS00MWQwLThlMDYtNWIwMDQwNzBjZDY1XkEyXkFqcGdeQXVyNjU0OTQ0OTY@._V1_UX67_CR0,0,67,98_AL_.jpg', 68, '2016-07-22', 'Released', NULL);

INSERT INTO `genres` (`id`, `name`) VALUES
(1, 'Action'),
(2, 'Adventure'),
(77, 'Animation'),
(4, 'Biography'),
(17, 'Comedy'),
(11, 'Crime'),
(5, 'Drama'),
(8, 'Family'),
(3, 'Fantasy'),
(6, 'History'),
(13, 'Horror'),
(66, 'Music'),
(172, 'Musical'),
(34, 'Mystery'),
(20, 'Romance'),
(35, 'Sci-Fi'),
(232, 'Sport'),
(14, 'Thriller'),
(298, 'War'),
(276, 'Western');

INSERT INTO `source_genres` (`genre_id`, `source_genre_id`) VALUES
(1, 1),
(1, 6),
(1, 8),
(1, 12),
(1, 15),
(1, 16),
(1, 18),
(1, 22),
(1, 25),
(1, 26),
(1, 28),
(1, 29),
(1, 33),
(1, 35),
(1, 37),
(1, 40),
(1, 42),
(1, 44),
(1, 45),
(1, 46),
(1, 47),
(1, 48),
(1, 49),
(1, 50),
(1, 51),
(1, 56),
(1, 57),
(1, 58),
(1, 62),
(1, 65),
(1, 67),
(1, 68),
(1, 69),
(1, 70),
(1, 84),
(1, 96),
(1, 146),
(1, 155),
(1, 165),
(1, 173),
(1, 174),
(1, 175),
(1, 176),
(1, 178),
(1, 180),
(1, 186),
(1, 187),
(1, 188),
(1, 192),
(1, 195),
(1, 197),
(1, 200),
(1, 202),
(1, 203),
(1, 213),
(1, 226),
(1, 228),
(1, 229),
(1, 230),
(1, 231),
(1, 235),
(1, 237),
(1, 240),
(1, 241),
(1, 242),
(1, 243),
(1, 245),
(1, 246),
(1, 255),
(2, 1),
(2, 6),
(2, 8),
(2, 12),
(2, 18),
(2, 20),
(2, 21),
(2, 26),
(2, 29),
(2, 32),
(2, 33),
(2, 35),
(2, 37),
(2, 40),
(2, 44),
(2, 46),
(2, 47),
(2, 48),
(2, 49),
(2, 51),
(2, 57),
(2, 58),
(2, 59),
(2, 61),
(2, 68),
(2, 70),
(2, 84),
(2, 96),
(2, 146),
(2, 153),
(2, 154),
(2, 155),
(2, 164),
(2, 175),
(2, 176),
(2, 187),
(2, 188),
(2, 192),
(2, 195),
(2, 197),
(2, 207),
(2, 212),
(2, 225),
(2, 228),
(2, 229),
(2, 230),
(2, 231),
(2, 235),
(2, 237),
(2, 241),
(2, 242),
(2, 245),
(2, 246),
(2, 250),
(2, 251),
(2, 255),
(3, 1),
(3, 14),
(3, 36),
(3, 37),
(3, 46),
(3, 51),
(3, 58),
(3, 63),
(3, 84),
(3, 159),
(3, 187),
(3, 197),
(3, 211),
(3, 230),
(3, 242),
(4, 2),
(4, 3),
(4, 4),
(4, 7),
(4, 9),
(4, 11),
(4, 15),
(4, 32),
(4, 50),
(4, 64),
(4, 152),
(4, 160),
(4, 189),
(4, 190),
(4, 198),
(4, 199),
(4, 209),
(4, 210),
(4, 214),
(4, 223),
(4, 236),
(4, 244),
(4, 251),
(5, 2),
(5, 4),
(5, 7),
(5, 9),
(5, 10),
(5, 11),
(5, 12),
(5, 14),
(5, 19),
(5, 20),
(5, 21),
(5, 24),
(5, 25),
(5, 27),
(5, 30),
(5, 31),
(5, 32),
(5, 34),
(5, 38),
(5, 39),
(5, 41),
(5, 44),
(5, 49),
(5, 52),
(5, 60),
(5, 62),
(5, 64),
(5, 71),
(5, 93),
(5, 95),
(5, 146),
(5, 149),
(5, 150),
(5, 152),
(5, 154),
(5, 156),
(5, 157),
(5, 158),
(5, 159),
(5, 160),
(5, 163),
(5, 164),
(5, 165),
(5, 166),
(5, 167),
(5, 172),
(5, 177),
(5, 180),
(5, 181),
(5, 182),
(5, 183),
(5, 184),
(5, 185),
(5, 186),
(5, 189),
(5, 190),
(5, 191),
(5, 194),
(5, 198),
(5, 199),
(5, 200),
(5, 201),
(5, 204),
(5, 205),
(5, 207),
(5, 208),
(5, 209),
(5, 210),
(5, 211),
(5, 212),
(5, 213),
(5, 214),
(5, 222),
(5, 223),
(5, 224),
(5, 226),
(5, 227),
(5, 232),
(5, 233),
(5, 236),
(5, 239),
(5, 244),
(5, 249),
(5, 250),
(5, 251),
(5, 252),
(5, 254),
(6, 2),
(6, 3),
(6, 25),
(6, 62),
(6, 164),
(6, 180),
(6, 199),
(6, 223),
(6, 244),
(8, 3),
(8, 63),
(8, 150),
(8, 162),
(11, 4),
(11, 13),
(11, 16),
(11, 18),
(11, 19),
(11, 22),
(11, 41),
(11, 42),
(11, 52),
(11, 54),
(11, 65),
(11, 148),
(11, 149),
(11, 160),
(11, 166),
(11, 173),
(11, 181),
(11, 185),
(11, 186),
(11, 196),
(11, 198),
(11, 224),
(11, 226),
(11, 227),
(11, 228),
(11, 232),
(11, 240),
(11, 243),
(11, 250),
(11, 252),
(11, 254),
(13, 5),
(13, 17),
(13, 21),
(13, 23),
(13, 34),
(13, 36),
(13, 38),
(13, 41),
(13, 43),
(13, 45),
(13, 53),
(13, 54),
(13, 55),
(13, 60),
(13, 66),
(13, 72),
(13, 73),
(13, 99),
(13, 145),
(13, 156),
(13, 161),
(13, 163),
(13, 168),
(13, 171),
(13, 174),
(13, 179),
(13, 190),
(13, 203),
(13, 222),
(13, 229),
(13, 232),
(13, 234),
(13, 239),
(13, 247),
(14, 5),
(14, 8),
(14, 15),
(14, 16),
(14, 17),
(14, 22),
(14, 24),
(14, 28),
(14, 35),
(14, 36),
(14, 38),
(14, 43),
(14, 55),
(14, 56),
(14, 66),
(14, 67),
(14, 69),
(14, 72),
(14, 73),
(14, 99),
(14, 151),
(14, 154),
(14, 161),
(14, 166),
(14, 169),
(14, 171),
(14, 173),
(14, 177),
(14, 183),
(14, 196),
(14, 202),
(14, 204),
(14, 212),
(14, 224),
(14, 233),
(14, 234),
(14, 239),
(14, 240),
(14, 243),
(14, 248),
(14, 254),
(17, 6),
(17, 10),
(17, 50),
(17, 53),
(17, 59),
(17, 61),
(17, 64),
(17, 65),
(17, 71),
(17, 95),
(17, 147),
(17, 148),
(17, 153),
(17, 157),
(17, 162),
(17, 170),
(17, 171),
(17, 172),
(17, 178),
(17, 179),
(17, 181),
(17, 193),
(17, 195),
(17, 200),
(17, 205),
(17, 206),
(17, 209),
(17, 225),
(17, 238),
(17, 241),
(17, 247),
(17, 252),
(17, 253),
(20, 7),
(20, 14),
(20, 31),
(20, 71),
(20, 165),
(20, 191),
(20, 193),
(20, 205),
(20, 208),
(34, 13),
(34, 17),
(34, 19),
(34, 20),
(34, 23),
(34, 34),
(34, 52),
(34, 54),
(34, 67),
(34, 72),
(34, 93),
(34, 145),
(34, 149),
(34, 150),
(34, 156),
(34, 157),
(34, 161),
(34, 163),
(34, 176),
(34, 185),
(34, 196),
(34, 213),
(35, 13),
(35, 26),
(35, 33),
(35, 40),
(35, 45),
(35, 47),
(35, 48),
(35, 57),
(35, 60),
(35, 68),
(35, 73),
(35, 93),
(35, 96),
(35, 155),
(35, 172),
(35, 174),
(35, 175),
(35, 183),
(35, 188),
(35, 192),
(35, 202),
(35, 203),
(35, 207),
(35, 233),
(35, 234),
(35, 235),
(35, 237),
(35, 246),
(35, 255),
(66, 24),
(66, 42),
(66, 95),
(66, 206),
(77, 29),
(77, 59),
(77, 61),
(77, 70),
(77, 153),
(77, 162),
(77, 211),
(77, 225),
(172, 63),
(172, 210),
(232, 152),
(232, 167),
(276, 169),
(276, 231),
(298, 177),
(298, 214);


INSERT INTO `source_directors` (`director_id`, `source_director_id`) VALUES
(1, 1),
(2, 2),
(3, 3),
(4, 4),
(5, 5),
(6, 6),
(7, 7),
(8, 8),
(9, 9),
(10, 10),
(11, 11),
(12, 12),
(13, 13),
(14, 14),
(15, 15),
(16, 16),
(17, 17),
(18, 18),
(19, 19),
(20, 20),
(21, 20),
(22, 21),
(23, 22),
(24, 23),
(25, 24),
(26, 25),
(27, 26),
(28, 27),
(29, 28),
(30, 29),
(31, 29),
(32, 29),
(33, 30),
(34, 31),
(35, 32),
(36, 33),
(37, 34),
(38, 35),
(39, 36),
(40, 37),
(41, 38),
(42, 39),
(43, 40),
(44, 41),
(45, 42),
(46, 43),
(47, 44),
(48, 45),
(49, 46),
(50, 47),
(51, 48),
(52, 49),
(53, 50),
(54, 51),
(55, 51),
(56, 52),
(57, 53),
(58, 54),
(59, 54),
(60, 55),
(61, 56),
(62, 57),
(63, 58),
(64, 58),
(65, 59),
(66, 60),
(67, 61),
(68, 62),
(69, 63),
(70, 64),
(71, 64),
(72, 65),
(73, 66),
(74, 66),
(76, 68),
(77, 69),
(78, 70),
(79, 70),
(80, 70),
(81, 71),
(82, 72),
(83, 73),
(84, 84),
(85, 93),
(86, 95),
(87, 96),
(88, 99),
(89, 145),
(90, 146),
(91, 147),
(92, 148),
(93, 149),
(94, 150),
(95, 151),
(96, 152),
(97, 153),
(98, 153),
(99, 153),
(100, 154),
(101, 155),
(102, 156),
(103, 157),
(104, 158),
(105, 159),
(106, 160),
(107, 161),
(108, 162),
(109, 163),
(111, 165),
(112, 166),
(113, 166),
(114, 167),
(115, 168),
(116, 169),
(117, 170),
(118, 170),
(119, 171),
(120, 172),
(122, 174),
(123, 175),
(124, 176),
(126, 178),
(127, 179),
(129, 181),
(130, 182),
(131, 183),
(132, 184),
(133, 185),
(134, 186),
(135, 187),
(136, 188),
(137, 189),
(138, 190),
(139, 191),
(140, 192),
(141, 193),
(142, 194),
(145, 196),
(146, 197),
(147, 198),
(148, 199),
(149, 200),
(150, 201),
(151, 202),
(152, 203),
(153, 204),
(154, 205),
(155, 206),
(157, 208),
(158, 209),
(159, 210),
(160, 211),
(161, 212),
(162, 213),
(163, 214),
(164, 222),
(165, 223),
(166, 224),
(167, 225),
(168, 225),
(170, 227),
(171, 228),
(173, 230),
(175, 232),
(176, 233),
(177, 234),
(180, 237),
(181, 238),
(182, 239),
(183, 240),
(184, 241),
(185, 242),
(186, 243),
(187, 244),
(188, 245),
(189, 246),
(190, 247),
(191, 248),
(192, 249),
(193, 250),
(194, 251),
(195, 252),
(196, 253),
(197, 254),
(198, 255);

INSERT INTO `directors` (`id`, `name`) VALUES
(158, 'Adam McKay'),
(193, 'Adam Wingard'),
(23, 'Alain Desrochers'),
(100, 'Alejandro Gonzlez Irritu'),
(1, 'Alex Kurtzman'),
(20, 'Alex Smith'),
(120, 'Alexander Payne'),
(73, 'Alexandre Bustillo'),
(21, 'Andrew J. Smith'),
(41, 'Andy Muschietti'),
(7, 'Andy Serkis'),
(42, 'Angela Robinson'),
(63, 'Anthony Russo'),
(114, 'Antoine Fuqua'),
(77, 'Antonio Negret'),
(25, 'Ash Avildsen'),
(119, 'lex de la Iglesia'),
(150, 'Barry Jenkins'),
(112, 'Benny Safdie'),
(69, 'Bill Condon'),
(80, 'Bob Logan'),
(140, 'Brad Peyton'),
(106, 'Brian Helgeland'),
(97, 'Byron Howard'),
(109, 'Cate Shortland'),
(15, 'Cdric Jimenez'),
(186, 'Chad Stahelski'),
(78, 'Charlie Bean'),
(95, 'Chris Stokes'),
(38, 'Christopher McQuarrie'),
(68, 'Christopher Nolan'),
(189, 'Colin Trevorrow'),
(96, 'Craig Gillespie'),
(8, 'D.J. Caruso'),
(86, 'Damien Chazelle'),
(170, 'Dan Gilroy'),
(102, 'Dan Trachtenberg'),
(177, 'Daniel Espinosa'),
(142, 'Danny Boyle'),
(84, 'David Ayer'),
(115, 'David Gordon Green'),
(6, 'David Leitch'),
(14, 'David Lowery'),
(101, 'Dean Israelite'),
(85, 'Denis Villeneuve'),
(60, 'Don Mancini'),
(53, 'Doug Liman'),
(45, 'Edgar Wright'),
(182, 'Eli Roth'),
(32, 'Eric Guillon'),
(55, 'Espen Sandberg'),
(171, 'F. Gary Gray'),
(5, 'Franck Khalfoun'),
(163, 'Gabriela Cowperthwaite'),
(87, 'Gareth Edwards'),
(137, 'Garth Davis'),
(183, 'Gary Ross'),
(157, 'Gaspar No'),
(134, 'Gavin O''Connor'),
(19, 'George Clooney'),
(136, 'George Miller'),
(126, 'Greg Mottola'),
(175, 'Griff Furst'),
(12, 'Guy Ritchie'),
(81, 'Hallie Meyers-Shyer'),
(52, 'Hany Abu-Assad'),
(76, 'J.A. Bayona'),
(139, 'James Foley'),
(194, 'James Gray'),
(176, 'James Ponsoldt'),
(107, 'James Wan'),
(99, 'Jared Bush'),
(67, 'Jayson Thiessen'),
(141, 'Jeff Baena'),
(13, 'Jeffrey Nachmanoff'),
(29, 'Jeremy Rush'),
(54, 'Joachim Rnning'),
(64, 'Joe Russo'),
(148, 'Joe Wright'),
(22, 'Johannes Roberts'),
(39, 'John R. Leonetti'),
(117, 'Jon Lucas'),
(51, 'Jon Watts'),
(70, 'Jonathan Dayton'),
(90, 'Joon-ho Bong'),
(135, 'Jordan Vogt-Roberts'),
(11, 'Joseph Kosinski'),
(48, 'Josh Boone'),
(113, 'Josh Safdie'),
(164, 'Julia Ducournau'),
(74, 'Julien Maury'),
(185, 'Justin Kurzel'),
(198, 'Justin Lin'),
(147, 'Kevin Connolly'),
(30, 'Kyle Balda'),
(104, 'Lenny Abrahamson'),
(154, 'Leslye Headland'),
(173, 'Luc Besson'),
(34, 'Luca Guadagnino'),
(181, 'Lucia Aniello'),
(191, 'Luis Prieto'),
(88, 'M. Night Shyamalan'),
(160, 'Makoto Shinkai'),
(138, 'Marc Meyers'),
(192, 'Marc Webb'),
(116, 'Martin Koolhoven'),
(4, 'Martin Scorsese'),
(47, 'Matt Reeves'),
(57, 'McG'),
(165, 'Mel Gibson'),
(103, 'Michael Almereyda'),
(162, 'Michael Apted'),
(62, 'Michael Bay'),
(130, 'Michael Carney'),
(61, 'Michael Cuesta'),
(159, 'Michael Gracey'),
(58, 'Michael Spierig'),
(46, 'Mike Flanagan'),
(167, 'Mike Mitchell'),
(131, 'Morten Tyldum'),
(149, 'Nacho Vigalondo'),
(153, 'Nicholas Verso'),
(66, 'Niels Arden Oplev'),
(10, 'Noah Baumbach'),
(145, 'Oriol Paulo'),
(49, 'Patty Jenkins'),
(79, 'Paul Fisher'),
(152, 'Paul W.S. Anderson'),
(59, 'Peter Spierig'),
(123, 'Peyton Reed'),
(31, 'Pierre Coffin'),
(133, 'Quentin Tarantino'),
(9, 'Reginald Hudlin'),
(40, 'Rian Johnson'),
(197, 'Ric Roman Waugh'),
(98, 'Rich Moore'),
(83, 'Ridley Scott'),
(188, 'Roar Uthaug'),
(89, 'Robert Eggers'),
(124, 'Robert Schwentke'),
(111, 'Robert Zemeckis'),
(122, 'Ruben Fleischer'),
(16, 'S. Craig Zahler'),
(146, 'Scott Derrickson'),
(118, 'Scott Moore'),
(35, 'Scott Waugh'),
(91, 'Sean Anders'),
(33, 'Sean Baker'),
(72, 'Seth Gordon'),
(129, 'Shane Black'),
(3, 'Simon Curtis'),
(27, 'Simon Kinberg'),
(166, 'Stefano Sollima'),
(132, 'Stephen Chbosky'),
(2, 'Stephen Frears'),
(161, 'Stephen Gaghan'),
(50, 'Steven S. DeKnight'),
(195, 'Steven Soderbergh'),
(36, 'Steven Spielberg'),
(105, 'Stuart Hazeldine'),
(43, 'Taika Waititi'),
(93, 'Tate Taylor'),
(56, 'Taylor Sheridan'),
(187, 'Theodore Melfi'),
(184, 'Tim Miller'),
(26, 'Toa Fraser'),
(94, 'Todd Haynes'),
(108, 'Tom McGrath'),
(44, 'Tomas Alfredson'),
(18, 'Tommy Wirkola'),
(65, 'Tony Leondis'),
(24, 'Trey Edward Shults'),
(155, 'Trish Sie'),
(127, 'Tyler MacIntyre'),
(190, 'Tyler Perry'),
(71, 'Valerie Faris'),
(82, 'Victor Salva'),
(168, 'Walt Dohrn'),
(151, 'Wes Ball'),
(196, 'William H. Macy'),
(28, 'Woody Allen'),
(17, 'Xavier Gens'),
(37, 'Yorgos Lanthimos'),
(92, 'Zach Braff'),
(180, 'Zack Snyder');


INSERT INTO `source_stars` (`star_id`, `source_star_id`) VALUES
(1, 1),
(1, 35),
(1, 50),
(2, 1),
(3, 1),
(4, 2),
(5, 2),
(6, 2),
(7, 3),
(7, 50),
(8, 3),
(8, 84),
(8, 152),
(9, 3),
(10, 4),
(11, 4),
(12, 4),
(13, 5),
(13, 166),
(13, 185),
(14, 5),
(15, 5),
(15, 249),
(16, 6),
(16, 241),
(17, 6),
(17, 234),
(17, 241),
(18, 6),
(18, 11),
(18, 226),
(19, 7),
(19, 164),
(19, 223),
(20, 7),
(21, 7),
(22, 8),
(22, 33),
(22, 173),
(22, 228),
(23, 8),
(24, 8),
(25, 9),
(26, 9),
(27, 9),
(28, 10),
(29, 10),
(30, 10),
(32, 11),
(33, 11),
(34, 12),
(34, 251),
(35, 12),
(36, 12),
(37, 13),
(37, 239),
(37, 243),
(38, 13),
(39, 13),
(40, 14),
(41, 14),
(41, 189),
(42, 14),
(43, 15),
(44, 15),
(45, 15),
(46, 16),
(47, 16),
(48, 16),
(49, 17),
(50, 17),
(51, 17),
(52, 18),
(52, 213),
(53, 18),
(54, 18),
(54, 30),
(55, 19),
(55, 172),
(55, 207),
(55, 240),
(56, 19),
(56, 150),
(57, 19),
(58, 20),
(59, 20),
(60, 20),
(61, 21),
(62, 21),
(63, 21),
(64, 22),
(65, 22),
(66, 22),
(67, 23),
(68, 23),
(69, 23),
(69, 227),
(70, 24),
(71, 24),
(72, 24),
(73, 25),
(74, 25),
(75, 25),
(76, 26),
(76, 183),
(77, 26),
(77, 41),
(77, 73),
(77, 242),
(78, 26),
(79, 27),
(80, 27),
(81, 27),
(81, 225),
(82, 28),
(83, 28),
(84, 28),
(85, 29),
(85, 64),
(85, 209),
(86, 29),
(86, 207),
(87, 29),
(89, 30),
(90, 30),
(91, 31),
(92, 31),
(93, 31),
(94, 32),
(95, 32),
(96, 32),
(98, 33),
(99, 33),
(99, 245),
(100, 34),
(100, 189),
(100, 235),
(101, 34),
(102, 34),
(102, 227),
(104, 35),
(104, 41),
(104, 149),
(104, 210),
(104, 234),
(105, 35),
(106, 36),
(107, 36),
(108, 36),
(109, 37),
(110, 37),
(110, 47),
(110, 233),
(111, 37),
(112, 38),
(113, 38),
(114, 38),
(115, 39),
(115, 63),
(116, 39),
(117, 39),
(118, 40),
(119, 40),
(119, 187),
(120, 40),
(120, 240),
(123, 41),
(124, 42),
(125, 42),
(125, 254),
(126, 42),
(126, 157),
(126, 178),
(127, 43),
(128, 43),
(129, 43),
(130, 44),
(131, 44),
(132, 44),
(133, 45),
(133, 99),
(133, 145),
(134, 45),
(135, 45),
(136, 46),
(137, 46),
(137, 255),
(138, 46),
(139, 47),
(139, 69),
(140, 47),
(142, 48),
(142, 58),
(143, 48),
(143, 56),
(144, 48),
(145, 49),
(145, 153),
(146, 49),
(147, 49),
(150, 50),
(151, 51),
(152, 51),
(153, 51),
(154, 52),
(155, 52),
(155, 93),
(156, 52),
(157, 53),
(158, 53),
(159, 53),
(160, 54),
(161, 54),
(162, 54),
(163, 55),
(164, 55),
(165, 55),
(166, 56),
(166, 202),
(168, 56),
(169, 57),
(169, 147),
(170, 57),
(171, 57),
(172, 58),
(173, 58),
(175, 59),
(175, 241),
(176, 59),
(177, 59),
(178, 60),
(179, 60),
(179, 96),
(180, 60),
(181, 61),
(181, 149),
(181, 226),
(182, 61),
(183, 61),
(184, 62),
(185, 62),
(186, 62),
(187, 63),
(187, 233),
(188, 63),
(190, 64),
(190, 95),
(192, 64),
(193, 65),
(193, 173),
(193, 192),
(193, 228),
(194, 65),
(195, 65),
(195, 253),
(196, 66),
(197, 66),
(198, 66),
(199, 67),
(199, 188),
(200, 67),
(200, 99),
(201, 67),
(201, 156),
(202, 68),
(202, 212),
(202, 246),
(203, 68),
(203, 183),
(203, 231),
(203, 246),
(204, 68),
(205, 69),
(205, 239),
(207, 69),
(208, 70),
(209, 70),
(209, 193),
(210, 70),
(211, 71),
(212, 71),
(212, 183),
(213, 71),
(214, 72),
(215, 72),
(216, 72),
(218, 73),
(219, 73),
(220, 84),
(221, 84),
(223, 93),
(223, 237),
(225, 93),
(226, 95),
(226, 181),
(226, 209),
(228, 95),
(229, 96),
(231, 96),
(234, 99),
(236, 145),
(237, 145),
(238, 146),
(239, 146),
(240, 146),
(241, 147),
(243, 147),
(244, 148),
(245, 148),
(246, 148),
(248, 149),
(250, 150),
(252, 150),
(252, 174),
(253, 151),
(254, 151),
(255, 151),
(257, 152),
(258, 152),
(259, 153),
(260, 153),
(262, 154),
(263, 154),
(263, 160),
(263, 174),
(263, 188),
(264, 154),
(265, 155),
(266, 155),
(267, 155),
(269, 156),
(270, 156),
(272, 157),
(273, 157),
(274, 158),
(274, 187),
(275, 158),
(275, 184),
(276, 158),
(277, 159),
(277, 223),
(278, 159),
(278, 244),
(279, 159),
(281, 160),
(282, 160),
(283, 161),
(284, 161),
(285, 161),
(286, 162),
(287, 162),
(288, 162),
(289, 163),
(290, 163),
(291, 163),
(293, 164),
(293, 252),
(294, 164),
(295, 165),
(296, 165),
(296, 242),
(297, 165),
(298, 166),
(298, 251),
(299, 166),
(301, 167),
(301, 234),
(301, 236),
(302, 167),
(302, 197),
(303, 167),
(304, 168),
(305, 169),
(306, 169),
(307, 169),
(308, 170),
(308, 195),
(309, 170),
(310, 170),
(310, 195),
(311, 171),
(312, 171),
(312, 196),
(313, 171),
(315, 172),
(316, 172),
(318, 173),
(321, 174),
(323, 175),
(324, 175),
(325, 175),
(325, 202),
(325, 245),
(326, 176),
(327, 176),
(328, 176),
(329, 177),
(330, 177),
(331, 178),
(332, 178),
(334, 179),
(335, 179),
(336, 179),
(337, 180),
(338, 180),
(339, 180),
(340, 181),
(342, 181),
(343, 182),
(344, 182),
(345, 182),
(349, 184),
(351, 184),
(352, 185),
(352, 187),
(353, 185),
(355, 186),
(355, 237),
(356, 186),
(356, 206),
(356, 225),
(357, 186),
(363, 188),
(364, 189),
(367, 190),
(368, 190),
(369, 190),
(370, 191),
(371, 191),
(372, 191),
(373, 192),
(375, 192),
(376, 193),
(376, 205),
(378, 193),
(379, 194),
(380, 194),
(381, 194),
(384, 195),
(386, 196),
(387, 196),
(388, 197),
(389, 197),
(391, 198),
(392, 198),
(393, 198),
(394, 199),
(395, 199),
(396, 199),
(397, 200),
(398, 200),
(398, 205),
(399, 200),
(400, 201),
(401, 201),
(402, 201),
(403, 202),
(406, 203),
(407, 203),
(408, 203),
(409, 204),
(410, 204),
(411, 204),
(414, 205),
(415, 206),
(416, 206),
(419, 207),
(421, 208),
(422, 208),
(423, 208),
(424, 209),
(427, 210),
(429, 210),
(430, 211),
(431, 211),
(432, 211),
(433, 212),
(434, 212),
(437, 213),
(438, 213),
(439, 214),
(440, 214),
(441, 214),
(442, 222),
(443, 222),
(444, 222),
(447, 223),
(448, 224),
(449, 224),
(450, 224),
(453, 225),
(456, 226),
(457, 227),
(457, 231),
(461, 228),
(463, 229),
(464, 229),
(465, 229),
(466, 230),
(467, 230),
(468, 230),
(471, 231),
(472, 232),
(473, 232),
(474, 232),
(476, 233),
(481, 235),
(483, 235),
(485, 236),
(486, 236),
(488, 237),
(490, 238),
(491, 238),
(492, 238),
(494, 239),
(496, 240),
(504, 242),
(506, 243),
(507, 243),
(508, 244),
(510, 244),
(511, 245),
(516, 246),
(517, 247),
(518, 247),
(519, 247),
(520, 248),
(521, 248),
(522, 248),
(523, 249),
(525, 249),
(526, 250),
(527, 250),
(528, 250),
(531, 251),
(532, 252),
(534, 252),
(535, 253),
(537, 253),
(539, 254),
(540, 254),
(542, 255),
(543, 255);

INSERT INTO `stars` (`id`, `name`) VALUES
(329, 'Aaron Taylor-Johnson'),
(75, 'Abbie Cornish'),
(293, 'Adam Driver'),
(28, 'Adam Sandler'),
(140, 'Adria Arjona'),
(11, 'Al Pacino'),
(231, 'Alan Tudyk'),
(286, 'Alec Baldwin'),
(448, 'Alessandro Borghi'),
(164, 'Alex Vincent'),
(195, 'Alexandra Daddario'),
(5, 'Ali Fazal'),
(408, 'Ali Larter'),
(135, 'Alice Braga'),
(38, 'Alice Eve'),
(101, 'Alicia Silverstone'),
(511, 'Alicia Vikander'),
(376, 'Alison Brie'),
(163, 'Allison Dawn Doiron'),
(483, 'Amber Heard'),
(223, 'Amy Adams'),
(205, 'Ana de Armas'),
(386, 'Ana Wagener'),
(192, 'Andrea Riseborough'),
(19, 'Andrew Garfield'),
(130, 'Andy Serkis'),
(342, 'Angourie Rice'),
(177, 'Anna Faris'),
(356, 'Anna Kendrick'),
(12, 'Anna Paquin'),
(3, 'Annabelle Wallis'),
(397, 'Anne Hathaway'),
(367, 'Anne Heche'),
(124, 'Ansel Elgort'),
(170, 'Anthony Hopkins'),
(64, 'Antonio Banderas'),
(133, 'Anya Taylor-Joy'),
(421, 'Aomi Muyock'),
(91, 'Armie Hammer'),
(35, 'Astrid Bergs-Frisbey'),
(399, 'Austin Stowell'),
(185, 'Barry Keoghan'),
(147, 'Beau Bridges'),
(117, 'Bella Heathcote'),
(14, 'Bella Thorne'),
(355, 'Ben Affleck'),
(65, 'Ben Kingsley'),
(396, 'Ben Mendelsohn'),
(388, 'Benedict Cumberbatch'),
(456, 'Benicio Del Toro'),
(299, 'Benny Safdie'),
(60, 'Bill Pullman'),
(112, 'Bill Skarsgrd'),
(219, 'Billy Crudup'),
(311, 'Blanca Surez'),
(257, 'Bobby Cannavale'),
(71, 'Booboo Stewart'),
(165, 'Brad Dourif'),
(295, 'Brad Pitt'),
(335, 'Brianna Hildebrand'),
(274, 'Brie Larson'),
(51, 'Brittany Ashworth'),
(89, 'Brooklynn Prince'),
(129, 'Bruce Greenwood'),
(202, 'Bryce Dallas Howard'),
(83, 'Caitlin Carmichael'),
(162, 'Callum Keith Rennie'),
(473, 'Candy Clark'),
(467, 'Cara Delevingne'),
(128, 'Carel Struycken'),
(127, 'Carla Gugino'),
(305, 'Carla Juri'),
(69, 'Carmen Ejogo'),
(313, 'Carmen Machi'),
(40, 'Casey Affleck'),
(518, 'Cassi Davis'),
(120, 'Cate Blanchett'),
(25, 'Chadwick Boseman'),
(532, 'Channing Tatum'),
(34, 'Charlie Hunnam'),
(199, 'Charlize Theron'),
(123, 'Charlotte Gainsbourg'),
(389, 'Chiwetel Ejiofor'),
(523, 'Chris Evans'),
(118, 'Chris Hemsworth'),
(522, 'Chris McGinn'),
(137, 'Chris Pine'),
(203, 'Chris Pratt'),
(424, 'Christian Bale'),
(315, 'Christoph Waltz'),
(68, 'Christopher Abbott'),
(20, 'Claire Foy'),
(62, 'Claire Holt'),
(468, 'Clive Owen'),
(102, 'Colin Farrell'),
(50, 'Corneliu Ulici'),
(265, 'Dacre Montgomery'),
(109, 'Daisy Ridley'),
(307, 'Dakota Fanning'),
(370, 'Dakota Johnson'),
(46, 'Dan Amboyer'),
(188, 'Dan Stevens'),
(466, 'Dane DeHaan'),
(534, 'Daniel Craig'),
(172, 'Dave Bautista'),
(209, 'Dave Franco'),
(24, 'Deepika Padukone'),
(70, 'Denise Richards'),
(457, 'Denzel Washington'),
(364, 'Dev Patel'),
(179, 'Diego Luna'),
(345, 'Djimon Hounsou'),
(7, 'Domhnall Gleeson'),
(23, 'Donnie Yen'),
(402, 'Duan Sanderson'),
(30, 'Dustin Hoffman'),
(193, 'Dwayne Johnson'),
(166, 'Dylan O''Brien'),
(434, 'Edgar Ramrez'),
(464, 'Edward James Olmos'),
(443, 'Ella Rumpf'),
(178, 'Ellen Page'),
(39, 'Emily Alyn Lind'),
(181, 'Emily Blunt'),
(281, 'Emily Browning'),
(190, 'Emma Stone'),
(187, 'Emma Watson'),
(372, 'Eric Johnson'),
(471, 'Ethan Hawke'),
(78, 'Evan Peters'),
(323, 'Evangeline Lilly'),
(379, 'Ewan McGregor'),
(380, 'Ewen Bremner'),
(229, 'Felicity Jones'),
(114, 'Finn Wolfhard'),
(184, 'Fionn Whitehead'),
(225, 'Forest Whitaker'),
(82, 'Frank Grillo'),
(210, 'Fred Armisen'),
(207, 'Gaia Weiss'),
(136, 'Gal Gadot'),
(442, 'Garance Marillier'),
(84, 'Garret Dillahunt'),
(395, 'Gary Oldman'),
(273, 'Geena Davis'),
(152, 'Geoffrey Rush'),
(215, 'Gina Philips'),
(259, 'Ginnifer Goodwin'),
(53, 'Glenn Close'),
(29, 'Grace Van Patten'),
(449, 'Greta Scarano'),
(410, 'Gulliver McGrath'),
(416, 'Hailee Steinfeld'),
(248, 'Haley Bennett'),
(234, 'Haley Lu Richardson'),
(520, 'Halle Berry'),
(272, 'Hannah Gross'),
(99, 'Hannah John-Kamen'),
(488, 'Henry Cavill'),
(540, 'Holt McCallany'),
(316, 'Hong Chau'),
(21, 'Hugh Bonneville'),
(429, 'Hugh Jackman'),
(407, 'Iain Glen'),
(507, 'Ian McShane'),
(145, 'Idris Elba'),
(332, 'Isla Fisher'),
(357, 'J.K. Simmons'),
(208, 'Jackie Chan'),
(275, 'Jacob Tremblay'),
(113, 'Jaeden Lieberher'),
(301, 'Jake Gyllenhaal'),
(339, 'James Badge Dale'),
(176, 'James Corden'),
(200, 'James McAvoy'),
(73, 'Jamie Bell'),
(371, 'Jamie Dornan'),
(510, 'Janelle Mone'),
(297, 'Jared Harris'),
(221, 'Jared Leto'),
(260, 'Jason Bateman'),
(45, 'Jason Clarke'),
(481, 'Jason Momoa'),
(461, 'Jason Statham'),
(398, 'Jason Sudeikis'),
(153, 'Javier Bardem'),
(33, 'Jeff Bridges'),
(328, 'Jeff Daniels'),
(373, 'Jeffrey Dean Morgan'),
(47, 'Jennifer Carpenter'),
(13, 'Jennifer Jason Leigh'),
(76, 'Jennifer Lawrence'),
(321, 'Jenny Slate'),
(504, 'Jeremy Irons'),
(155, 'Jeremy Renner'),
(419, 'Jessica Chastain'),
(255, 'Jessica Vanessa DeLeon'),
(79, 'Jim Belushi'),
(288, 'Jimmy Kimmel'),
(67, 'Joel Edgerton'),
(106, 'Joey King'),
(110, 'John Boyega'),
(330, 'John Cena'),
(270, 'John Gallagher Jr.'),
(201, 'John Goodman'),
(337, 'John Krasinski'),
(391, 'John Travolta'),
(151, 'Johnny Depp'),
(125, 'Jon Bernthal'),
(126, 'Jon Hamm'),
(344, 'Jon Voight'),
(216, 'Jonathan Breck'),
(381, 'Jonny Lee Miller'),
(414, 'Jordan Carlos'),
(387, 'Jose Coronado'),
(18, 'Josh Brolin'),
(171, 'Josh Duhamel'),
(26, 'Josh Gad'),
(94, 'Josh Hartnett'),
(334, 'Josh Hutcherson'),
(246, 'Josh Pais'),
(472, 'Josh Stewart'),
(59, 'Josh Wiggins'),
(157, 'Judah Lewis'),
(36, 'Jude Law'),
(4, 'Judi Dench'),
(304, 'Judy Greer'),
(156, 'Julia Jones'),
(349, 'Julia Roberts'),
(56, 'Julianne Moore'),
(80, 'Juno Temple'),
(384, 'Justin Hartley'),
(81, 'Justin Timberlake'),
(173, 'Karen Gillan'),
(422, 'Karl Glusman'),
(543, 'Karl Urban'),
(237, 'Kate Dickie'),
(27, 'Kate Hudson'),
(439, 'Kate Mara'),
(491, 'Kate McKinnon'),
(378, 'Kate Micucci'),
(535, 'Kate Upton'),
(146, 'Kate Winslet'),
(218, 'Katherine Waterston'),
(309, 'Kathryn Hahn'),
(403, 'Kaya Scodelario'),
(37, 'Keanu Reeves'),
(9, 'Kelly Macdonald'),
(393, 'Kelly Preston'),
(154, 'Kelsey Asbille'),
(336, 'Kevin Durand'),
(108, 'Ki Hong Lee'),
(306, 'Kit Harington'),
(423, 'Klara Kristin'),
(310, 'Kristen Bell'),
(86, 'Kristen Wiig'),
(182, 'Kristin Chenoweth'),
(353, 'Kurt Russell'),
(213, 'Lake Bell'),
(527, 'Lakeith Stanfield'),
(262, 'Leonardo DiCaprio'),
(66, 'Liam McIntyre'),
(294, 'Liam Neeson'),
(450, 'Lidia Vitale'),
(183, 'Liev Schreiber'),
(197, 'Lili Taylor'),
(394, 'Lily James'),
(241, 'Linda Cardellini'),
(525, 'Lindsay Duncan'),
(494, 'Lorenza Izzo'),
(447, 'Luke Bracey'),
(115, 'Luke Evans'),
(285, 'Madison Wolfe'),
(400, 'Mahershala Ali'),
(134, 'Maisie Williams'),
(375, 'Malin Akerman'),
(61, 'Mandy Moore'),
(528, 'Margaret Qualley'),
(8, 'Margot Robbie'),
(312, 'Mario Casas'),
(296, 'Marion Cotillard'),
(254, 'Mark G. Chapman'),
(111, 'Mark Hamill'),
(186, 'Mark Rylance'),
(74, 'Mark Strong'),
(169, 'Mark Wahlberg'),
(269, 'Mary Elizabeth Winstead'),
(537, 'Matt Barr'),
(58, 'Matt Bomer'),
(55, 'Matt Damon'),
(160, 'Matt Passmore'),
(433, 'Matthew McConaughey'),
(63, 'Matthew Modine'),
(291, 'Matthias Habich'),
(290, 'Max Riemelt'),
(42, 'McColm Cephas Jr.'),
(15, 'Mckenna Grace'),
(214, 'Meg Foster'),
(243, 'Mel Gibson'),
(44, 'Mia Wasikowska'),
(244, 'Michael Caine'),
(77, 'Michael Fassbender'),
(143, 'Michael Keaton'),
(212, 'Michael Sheen'),
(93, 'Michael Stuhlbarg'),
(105, 'Michelle Monaghan'),
(324, 'Michelle Pfeiffer'),
(252, 'Michelle Williams'),
(308, 'Mila Kunis'),
(32, 'Miles Teller'),
(406, 'Milla Jovovich'),
(95, 'Mira Sorvino'),
(486, 'Miranda Richardson'),
(411, 'Mitzi Ruhlmann'),
(431, 'Mone Kamishiraishi'),
(16, 'Morena Baccarin'),
(266, 'Naomi Scott'),
(526, 'Nat Wolff'),
(363, 'Nicholas Hoult'),
(100, 'Nicole Kidman'),
(539, 'Nikolaj Coster-Waldau'),
(180, 'Nina Dobrev'),
(52, 'Noomi Rapace'),
(250, 'Oakes Fegley'),
(278, 'Octavia Spencer'),
(98, 'Olivia Cooke'),
(465, 'Olivia Munn'),
(303, 'Oona Laurence'),
(437, 'Orlando Bloom'),
(57, 'Oscar Isaac'),
(351, 'Owen Wilson'),
(338, 'Pablo Schreiber'),
(519, 'Patrice Lovely'),
(284, 'Patrick Wilson'),
(239, 'Paul Dano'),
(318, 'Paul Walker'),
(444, 'Rabah Nait Oufella'),
(302, 'Rachel McAdams'),
(236, 'Ralph Ineson'),
(440, 'Ramon Rodriguez'),
(104, 'Rebecca Ferguson'),
(116, 'Rebecca Hall'),
(211, 'Reese Witherspoon'),
(343, 'Rene Zellweger'),
(506, 'Riccardo Scamarcio'),
(245, 'Richie Moriarty'),
(267, 'RJ Cyler'),
(159, 'Robbie Amell'),
(474, 'Robbie Kay'),
(10, 'Robert De Niro'),
(144, 'Robert Downey Jr.'),
(298, 'Robert Pattinson'),
(138, 'Robin Wright'),
(41, 'Rooney Mara'),
(43, 'Rosamund Pike'),
(228, 'Rosemarie DeWitt'),
(368, 'Ross Lynch'),
(415, 'Ruby Rose'),
(340, 'Russell Crowe'),
(226, 'Ryan Gosling'),
(107, 'Ryan Phillippe'),
(17, 'Ryan Reynolds'),
(432, 'Ry Narita'),
(430, 'Rynosuke Kamiki'),
(521, 'Sage Correa'),
(198, 'Sam Strike'),
(277, 'Sam Worthington'),
(496, 'Samantha Cocozza'),
(158, 'Samara Weaving'),
(352, 'Samuel L. Jackson'),
(168, 'Sanaa Lathan'),
(96, 'Sarah Dumont'),
(150, 'Sarah Wright'),
(490, 'Scarlett Johansson'),
(139, 'Scott Eastwood'),
(276, 'Sean Bridgers'),
(258, 'Sebastian Stan'),
(240, 'Seo-Hyun Ahn'),
(326, 'Shailene Woodley'),
(401, 'Shariff Earp'),
(531, 'Sienna Miller'),
(2, 'Sofia Boutella'),
(49, 'Sophie Cookson'),
(392, 'Spencer Rocco Lofranco'),
(253, 'Stephen Bishop'),
(196, 'Stephen Dorff'),
(287, 'Steve Buscemi'),
(85, 'Steve Carell'),
(132, 'Steve Zahn'),
(175, 'T.J. Miller'),
(508, 'Taraji P. Henson'),
(282, 'Taron Egerton'),
(485, 'Tatiana Maslany'),
(204, 'Ted Levine'),
(289, 'Teresa Palmer'),
(327, 'Theo James'),
(238, 'Tilda Swinton'),
(279, 'Tim McGraw'),
(6, 'Tim Pigott-Smith'),
(92, 'Timothe Chalamet'),
(161, 'Tobin Bell'),
(409, 'Toby Wallace'),
(1, 'Tom Cruise'),
(441, 'Tom Felton'),
(476, 'Tom Hanks'),
(263, 'Tom Hardy'),
(119, 'Tom Hiddleston'),
(142, 'Tom Holland'),
(438, 'Toni Collette'),
(72, 'Tori Black'),
(87, 'Trey Parker'),
(516, 'Ty Simpkins'),
(517, 'Tyler Perry'),
(90, 'Valeria Cotto'),
(283, 'Vera Farmiga'),
(22, 'Vin Diesel'),
(48, 'Vince Vaughn'),
(369, 'Vincent Kartheiser'),
(325, 'Walton Goggins'),
(264, 'Will Poulter'),
(220, 'Will Smith'),
(54, 'Willem Dafoe'),
(131, 'Woody Harrelson'),
(463, 'Yvonne Strahovski'),
(194, 'Zac Efron'),
(331, 'Zach Galifianakis'),
(542, 'Zachary Quinto'),
(427, 'Zendaya'),
(492, 'Zo Kravitz'),
(453, 'Zooey Deschanel');

INSERT INTO `users` VALUES (2,'admin','a@a.com','admin','$2y$10$o5aev8A/7loLRoP3HUhjm.uoJsC/1FmhhYymS3bEJZ2PJIKHfqMca','vegOWZ53zBgfnMGTDIvzk3y40XueIkLlYq66jvUWyGhk6tA1MtepCeD8gjRo','2017-11-24 00:10:32','2017-11-24 00:10:32'),(3,'random','random@r.com','random','$2y$10$MCZbMhTjxCn9qKHvqxhDL.K44J/arVcApzF.qK4C/ztqwZ2gWVKXq','wbFEGwa8Zoc6BgK2qDgf1dlW9KjNfFOs9mAjuuoHNHoleGhgq5wJspzmKqKX','2017-11-25 02:19:40','2017-11-25 02:19:40');


INSERT INTO `profiles` VALUES (1,2,NULL,NULL,NULL,NULL,NULL,'/img/profile/default/default.jpg',NULL,'2017-11-24 00:10:32','2017-11-24 00:10:32'),(2,3,NULL,NULL,NULL,NULL,NULL,'/img/profile/default/default.jpg',NULL,'2017-11-25 02:19:40','2017-11-25 02:19:40');


INSERT INTO `library_entries` VALUES (1,2,156,'Movie','Watching',NULL,NULL,NULL,NULL,'2017-11-26 14:00:00',NULL),(2,2,1,'Book','Plan to Read',NULL,NULL,NULL,NULL,'2017-11-26 14:00:00',NULL);


INSERT INTO `favorites` VALUES (7,2,180,NULL,'2017-11-24 03:24:44','2017-11-24 03:24:44'),(8,2,21,NULL,'2017-11-24 03:25:05','2017-11-24 03:25:05');


INSERT INTO `comments`(`id`, `body`, `user_id`, `parent_id`, `commentable_id`, `commentable_type`, `like`, `created_at`, `updated_at`) VALUES 
(1,'Serves Goku right, honestly.', 2, NULL, 156,'Movie',0,'2017-11-24 21:00:00',NULL),
(2,'can ya blame him?', 3, 1, 156,'Movie', 0,'2017-11-24 21:30:00',NULL),
(3,'Omg, thats so great', 2, 1, 156,'Movie', 0,'2017-11-23 23:49:36',NULL),
(4,'asdasdasdasdasdas',3,NULL,156,'Movie',0,'2017-11-26 00:00:00',NULL),
(6,'I really love this book!',2,NULL,2,'Book',0,'2017-11-26 20:27:09','2017-11-26 20:27:09');


INSERT INTO `books` VALUES (1,'Boneshaker','0765318415','9780765318411','boneshaker','The Clockwork Century','Cherie Priest','Released',3,3.50,416,'In the early days of the Civil War, rumors of gold in the frozen Klondike brought hordes of newcomers to the Pacific Northwest. Anxious to compete, Russian prospectors commissioned inventor Leviticus Blue to create a great machine that could mine through Alaskas ice. Thus was Dr. Blues Incredible Bone-Shaking Drill Engine born.\r\n\r\nBut on its first test run the Boneshaker went terribly awry, destroying several blocks of downtown Seattle and unearthing a subterranean vein of blight gas that turned anyone who breathed it into the living dead.\r\n\r\nNow it is sixteen years later, and a wall has been built to enclose the devastated and toxic city. Just beyond it lives Blues widow, Briar Wilkes. Life is hard with a ruined reputation and a teenaged boy to support, but she and Ezekiel are managing. Until Ezekiel undertakes a secret crusade to rewrite history.\r\n\r\nHis quest will take him under the wall and into a city teeming with ravenous undead, air pirates, criminal overlords, and heavily armed refugees. And only Briar can bring him out alive.','2009-09-29','Tor Books','https://images.gr-assets.com/books/1433161048l/1137215.jpg',NULL,NULL,NULL),(2,'Ready Player One','030788743X','9780307887436','ready-player-one',NULL,'Ernest Cline','Released',4,4.31,374,'In the year 2044, reality is an ugly place. The only time teenage Wade Watts really feels alive is when he\'s jacked into the virtual utopia known as the OASIS. Wade\'s devoted his life to studying the puzzles hidden within this world\'s digital confines, puzzles that are based on their creator\'s obsession with the pop culture of decades past and that promise massive power and fortune to whoever can unlock them. When Wade stumbles upon the first clue, he finds himself beset by players willing to kill to take this ultimate prize. The race is on, and if Wade\'s going to survive, he\'ll have to winand confront the real world he\'s always been so desperate to escape.','2011-08-16','Crown Publishers','https://images.gr-assets.com/books/1333576872l/12600138.jpg',NULL,NULL,NULL);

INSERT INTO `comments` VALUES (1,'Serves Goku right, honestly.',2,NULL,156,'Movie',0,'2017-11-24 21:00:00',NULL),(2,'can ya blame him?',3,1,156,'Movie',0,'2017-11-24 21:30:00',NULL),(3,'Omg, thats so great',2,1,156,'Movie',0,'2017-11-23 23:49:36',NULL),(4,'asdasdasdasdasdas',3,NULL,156,'Movie',0,'2017-11-26 00:00:00',NULL);
